0
512
262144
262656
134217728
134218240
134479872
134480384
68719476736
68719477248
68719738880
68719739392
68853694464
68853694976
68853956608
68853957120
35184372088832
35184372089344
35184372350976
35184372351488
35184506306560
35184506307072
35184506568704
35184506569216
35253091565568
35253091566080
35253091827712
35253091828224
35253225783296
35253225783808
35253226045440
35253226045952
18014398509481984
18014398509482496
18014398509744128
18014398509744640
18014398643699712
18014398643700224
18014398643961856
18014398643962368
18014467228958720
18014467228959232
18014467229220864
18014467229221376
18014467363176448
18014467363176960
18014467363438592
18014467363439104
18049582881570816
18049582881571328
18049582881832960
18049582881833472
18049583015788544
18049583015789056
18049583016050688
18049583016051200
18049651601047552
18049651601048064
18049651601309696
18049651601310208
18049651735265280
18049651735265792
18049651735527424
18049651735527936
0
0
0
0
0
0
0
0
0
0
0
0
0
0
0
0
0
0
0
0
0
0
0
0
0
0
0
0
0
0
0
0
0
0
0
0
0
0
0
0
0
0
0
0
0
0
0
0
0
0
0
0
0
0
0
0
0
0
0
0
0
0
0
0
0
0
0
0
0
0
0
0
0
0
0
0
0
0
0
0
0
0
0
0
0
0
0
0
0
0
0
0
0
0
0
0
0
0
0
0
0
0
0
0
0
0
0
0
0
0
0
0
0
0
0
0
0
0
0
0
0
0
0
0
0
0
0
0
0
0
0
0
0
0
0
0
0
0
0
0
0
0
0
0
0
0
0
0
0
0
0
0
0
0
0
0
0
0
0
0
0
0
0
0
0
0
0
0
0
0
0
0
0
0
0
0
0
0
0
0
0
0
0
0
0
0
0
0
0
0
0
0
0
0
0
0
0
0
0
0
0
0
0
0
0
0
0
0
0
0
0
0
0
0
0
0
0
0
0
0
0
0
0
0
0
0
0
0
0
0
0
0
0
0
0
0
0
0
0
0
0
0
0
0
0
0
0
0
0
0
0
0
0
0
0
0
0
0
0
0
0
0
0
0
0
0
0
0
0
0
0
0
0
0
0
0
0
0
0
0
0
0
0
0
0
0
0
0
0
0
0
0
0
0
0
0
0
0
0
0
0
0
0
0
0
0
0
0
0
0
0
0
0
0
0
0
0
0
0
0
0
0
0
0
0
0
0
0
0
0
0
0
0
0
0
0
0
0
0
0
0
0
0
0
0
0
0
0
0
0
0
0
0
0
0
0
0
0
0
0
0
0
0
0
0
0
0
0
0
0
0
0
0
0
0
0
0
0
0
0
0
0
0
0
0
0
0
0
0
0
0
0
0
0
0
0
0
0
0
0
0
0
0
0
0
0
0
0
0
0
0
0
0
0
0
0
0
0
0
0
0
0
0
0
0
0
0
0
0
0
0
0
0
0
0
0
0
0
0
0
0
0
0
0
0
0
0
0
0
1024
524288
525312
268435456
268436480
268959744
268960768
137438953472
137438954496
137439477760
137439478784
137707388928
137707389952
137707913216
137707914240
70368744177664
70368744178688
70368744701952
70368744702976
70369012613120
70369012614144
70369013137408
70369013138432
70506183131136
70506183132160
70506183655424
70506183656448
70506451566592
70506451567616
70506452090880
70506452091904
0
0
0
0
0
0
0
0
0
0
0
0
0
0
0
0
0
0
0
0
0
0
0
0
0
0
0
0
0
0
0
0
0
0
0
0
0
0
0
0
0
0
0
0
0
0
0
0
0
0
0
0
0
0
0
0
0
0
0
0
0
0
0
0
0
0
0
0
0
0
0
0
0
0
0
0
0
0
0
0
0
0
0
0
0
0
0
0
0
0
0
0
0
0
0
0
0
0
0
0
0
0
0
0
0
0
0
0
0
0
0
0
0
0
0
0
0
0
0
0
0
0
0
0
0
0
0
0
0
0
0
0
0
0
0
0
0
0
0
0
0
0
0
0
0
0
0
0
0
0
0
0
0
0
0
0
0
0
0
0
0
0
0
0
0
0
0
0
0
0
0
0
0
0
0
0
0
0
0
0
0
0
0
0
0
0
0
0
0
0
0
0
0
0
0
0
0
0
0
0
0
0
0
0
0
0
0
0
0
0
0
0
0
0
0
0
0
0
0
0
0
0
0
0
0
0
0
0
0
0
0
0
0
0
0
0
0
0
0
0
0
0
0
0
0
0
0
0
0
0
0
0
0
0
0
0
0
0
0
0
0
0
0
0
0
0
0
0
0
0
0
0
0
0
0
0
0
0
0
0
0
0
0
0
0
0
0
0
0
0
0
0
0
0
0
0
0
0
0
0
0
0
0
0
0
0
0
0
0
0
0
0
0
0
0
0
0
0
0
0
0
0
0
0
0
0
0
0
0
0
0
0
0
0
0
0
0
0
0
0
0
0
0
0
0
0
0
0
0
0
0
0
0
0
0
0
0
0
0
0
0
0
0
0
0
0
0
0
0
0
0
0
0
0
0
0
0
0
0
0
0
0
0
0
0
0
0
0
0
0
0
0
0
0
0
0
0
0
0
0
0
0
0
0
0
0
0
0
0
0
0
0
0
0
0
0
0
0
0
0
0
0
0
0
0
0
0
0
0
0
0
0
0
0
0
0
0
0
0
0
0
0
0
0
0
0
0
0
0
0
0
0
0
0
0
0
0
0
0
0
0
0
0
0
0
0
0
0
0
0
0
0
0
0
0
0
0
0
0
0
0
512
2048
2560
1048576
1049088
1050624
1051136
536870912
536871424
536872960
536873472
537919488
537920000
537921536
537922048
274877906944
274877907456
274877908992
274877909504
274878955520
274878956032
274878957568
274878958080
275414777856
275414778368
275414779904
275414780416
275415826432
275415826944
275415828480
275415828992
0
0
0
0
0
0
0
0
0
0
0
0
0
0
0
0
0
0
0
0
0
0
0
0
0
0
0
0
0
0
0
0
0
0
0
0
0
0
0
0
0
0
0
0
0
0
0
0
0
0
0
0
0
0
0
0
0
0
0
0
0
0
0
0
0
0
0
0
0
0
0
0
0
0
0
0
0
0
0
0
0
0
0
0
0
0
0
0
0
0
0
0
0
0
0
0
0
0
0
0
0
0
0
0
0
0
0
0
0
0
0
0
0
0
0
0
0
0
0
0
0
0
0
0
0
0
0
0
0
0
0
0
0
0
0
0
0
0
0
0
0
0
0
0
0
0
0
0
0
0
0
0
0
0
0
0
0
0
0
0
0
0
0
0
0
0
0
0
0
0
0
0
0
0
0
0
0
0
0
0
0
0
0
0
0
0
0
0
0
0
0
0
0
0
0
0
0
0
0
0
0
0
0
0
0
0
0
0
0
0
0
0
0
0
0
0
0
0
0
0
0
0
0
0
0
0
0
0
0
0
0
0
0
0
0
0
0
0
0
0
0
0
0
0
0
0
0
0
0
0
0
0
0
0
0
0
0
0
0
0
0
0
0
0
0
0
0
0
0
0
0
0
0
0
0
0
0
0
0
0
0
0
0
0
0
0
0
0
0
0
0
0
0
0
0
0
0
0
0
0
0
0
0
0
0
0
0
0
0
0
0
0
0
0
0
0
0
0
0
0
0
0
0
0
0
0
0
0
0
0
0
0
0
0
0
0
0
0
0
0
0
0
0
0
0
0
0
0
0
0
0
0
0
0
0
0
0
0
0
0
0
0
0
0
0
0
0
0
0
0
0
0
0
0
0
0
0
0
0
0
0
0
0
0
0
0
0
0
0
0
0
0
0
0
0
0
0
0
0
0
0
0
0
0
0
0
0
0
0
0
0
0
0
0
0
0
0
0
0
0
0
0
0
0
0
0
0
0
0
0
0
0
0
0
0
0
0
0
0
0
0
0
0
0
0
0
0
0
0
0
0
0
0
0
0
0
0
0
0
0
0
0
0
0
0
0
0
0
0
0
0
0
0
0
0
0
0
0
0
0
0
1024
4096
5120
131072
132096
135168
136192
2097152
2098176
2101248
2102272
2228224
2229248
2232320
2233344
1073741824
1073742848
1073745920
1073746944
1073872896
1073873920
1073876992
1073878016
1075838976
1075840000
1075843072
1075844096
1075970048
1075971072
1075974144
1075975168
0
0
0
0
0
0
0
0
0
0
0
0
0
0
0
0
0
0
0
0
0
0
0
0
0
0
0
0
0
0
0
0
0
0
0
0
0
0
0
0
0
0
0
0
0
0
0
0
0
0
0
0
0
0
0
0
0
0
0
0
0
0
0
0
0
0
0
0
0
0
0
0
0
0
0
0
0
0
0
0
0
0
0
0
0
0
0
0
0
0
0
0
0
0
0
0
0
0
0
0
0
0
0
0
0
0
0
0
0
0
0
0
0
0
0
0
0
0
0
0
0
0
0
0
0
0
0
0
0
0
0
0
0
0
0
0
0
0
0
0
0
0
0
0
0
0
0
0
0
0
0
0
0
0
0
0
0
0
0
0
0
0
0
0
0
0
0
0
0
0
0
0
0
0
0
0
0
0
0
0
0
0
0
0
0
0
0
0
0
0
0
0
0
0
0
0
0
0
0
0
0
0
0
0
0
0
0
0
0
0
0
0
0
0
0
0
0
0
0
0
0
0
0
0
0
0
0
0
0
0
0
0
0
0
0
0
0
0
0
0
0
0
0
0
0
0
0
0
0
0
0
0
0
0
0
0
0
0
0
0
0
0
0
0
0
0
0
0
0
0
0
0
0
0
0
0
0
0
0
0
0
0
0
0
0
0
0
0
0
0
0
0
0
0
0
0
0
0
0
0
0
0
0
0
0
0
0
0
0
0
0
0
0
0
0
0
0
0
0
0
0
0
0
0
0
0
0
0
0
0
0
0
0
0
0
0
0
0
0
0
0
0
0
0
0
0
0
0
0
0
0
0
0
0
0
0
0
0
0
0
0
0
0
0
0
0
0
0
0
0
0
0
0
0
0
0
0
0
0
0
0
0
0
0
0
0
0
0
0
0
0
0
0
0
0
0
0
0
0
0
0
0
0
0
0
0
0
0
0
0
0
0
0
0
0
0
0
0
0
0
0
0
0
0
0
0
0
0
0
0
0
0
0
0
0
0
0
0
0
0
0
0
0
0
0
0
0
0
0
0
0
0
0
0
0
0
0
0
0
0
0
0
0
0
0
0
0
0
0
0
0
0
0
0
0
0
0
0
0
0
0
2048
8192
10240
262144
264192
270336
272384
4194304
4196352
4202496
4204544
4456448
4458496
4464640
4466688
33554432
33556480
33562624
33564672
33816576
33818624
33824768
33826816
37748736
37750784
37756928
37758976
38010880
38012928
38019072
38021120
0
0
0
0
0
0
0
0
0
0
0
0
0
0
0
0
0
0
0
0
0
0
0
0
0
0
0
0
0
0
0
0
0
0
0
0
0
0
0
0
0
0
0
0
0
0
0
0
0
0
0
0
0
0
0
0
0
0
0
0
0
0
0
0
0
0
0
0
0
0
0
0
0
0
0
0
0
0
0
0
0
0
0
0
0
0
0
0
0
0
0
0
0
0
0
0
0
0
0
0
0
0
0
0
0
0
0
0
0
0
0
0
0
0
0
0
0
0
0
0
0
0
0
0
0
0
0
0
0
0
0
0
0
0
0
0
0
0
0
0
0
0
0
0
0
0
0
0
0
0
0
0
0
0
0
0
0
0
0
0
0
0
0
0
0
0
0
0
0
0
0
0
0
0
0
0
0
0
0
0
0
0
0
0
0
0
0
0
0
0
0
0
0
0
0
0
0
0
0
0
0
0
0
0
0
0
0
0
0
0
0
0
0
0
0
0
0
0
0
0
0
0
0
0
0
0
0
0
0
0
0
0
0
0
0
0
0
0
0
0
0
0
0
0
0
0
0
0
0
0
0
0
0
0
0
0
0
0
0
0
0
0
0
0
0
0
0
0
0
0
0
0
0
0
0
0
0
0
0
0
0
0
0
0
0
0
0
0
0
0
0
0
0
0
0
0
0
0
0
0
0
0
0
0
0
0
0
0
0
0
0
0
0
0
0
0
0
0
0
0
0
0
0
0
0
0
0
0
0
0
0
0
0
0
0
0
0
0
0
0
0
0
0
0
0
0
0
0
0
0
0
0
0
0
0
0
0
0
0
0
0
0
0
0
0
0
0
0
0
0
0
0
0
0
0
0
0
0
0
0
0
0
0
0
0
0
0
0
0
0
0
0
0
0
0
0
0
0
0
0
0
0
0
0
0
0
0
0
0
0
0
0
0
0
0
0
0
0
0
0
0
0
0
0
0
0
0
0
0
0
0
0
0
0
0
0
0
0
0
0
0
0
0
0
0
0
0
0
0
0
0
0
0
0
0
0
0
0
0
0
0
0
0
0
0
0
0
0
0
0
0
0
0
0
0
0
0
0
0
0
0
4096
16384
20480
524288
528384
540672
544768
67108864
67112960
67125248
67129344
67633152
67637248
67649536
67653632
8589934592
8589938688
8589950976
8589955072
8590458880
8590462976
8590475264
8590479360
8657043456
8657047552
8657059840
8657063936
8657567744
8657571840
8657584128
8657588224
0
0
0
0
0
0
0
0
0
0
0
0
0
0
0
0
0
0
0
0
0
0
0
0
0
0
0
0
0
0
0
0
0
0
0
0
0
0
0
0
0
0
0
0
0
0
0
0
0
0
0
0
0
0
0
0
0
0
0
0
0
0
0
0
0
0
0
0
0
0
0
0
0
0
0
0
0
0
0
0
0
0
0
0
0
0
0
0
0
0
0
0
0
0
0
0
0
0
0
0
0
0
0
0
0
0
0
0
0
0
0
0
0
0
0
0
0
0
0
0
0
0
0
0
0
0
0
0
0
0
0
0
0
0
0
0
0
0
0
0
0
0
0
0
0
0
0
0
0
0
0
0
0
0
0
0
0
0
0
0
0
0
0
0
0
0
0
0
0
0
0
0
0
0
0
0
0
0
0
0
0
0
0
0
0
0
0
0
0
0
0
0
0
0
0
0
0
0
0
0
0
0
0
0
0
0
0
0
0
0
0
0
0
0
0
0
0
0
0
0
0
0
0
0
0
0
0
0
0
0
0
0
0
0
0
0
0
0
0
0
0
0
0
0
0
0
0
0
0
0
0
0
0
0
0
0
0
0
0
0
0
0
0
0
0
0
0
0
0
0
0
0
0
0
0
0
0
0
0
0
0
0
0
0
0
0
0
0
0
0
0
0
0
0
0
0
0
0
0
0
0
0
0
0
0
0
0
0
0
0
0
0
0
0
0
0
0
0
0
0
0
0
0
0
0
0
0
0
0
0
0
0
0
0
0
0
0
0
0
0
0
0
0
0
0
0
0
0
0
0
0
0
0
0
0
0
0
0
0
0
0
0
0
0
0
0
0
0
0
0
0
0
0
0
0
0
0
0
0
0
0
0
0
0
0
0
0
0
0
0
0
0
0
0
0
0
0
0
0
0
0
0
0
0
0
0
0
0
0
0
0
0
0
0
0
0
0
0
0
0
0
0
0
0
0
0
0
0
0
0
0
0
0
0
0
0
0
0
0
0
0
0
0
0
0
0
0
0
0
0
0
0
0
0
0
0
0
0
0
0
0
0
0
0
0
0
0
0
0
0
0
0
0
0
0
0
0
0
0
0
0
8192
1048576
1056768
134217728
134225920
135266304
135274496
17179869184
17179877376
17180917760
17180925952
17314086912
17314095104
17315135488
17315143680
2199023255552
2199023263744
2199024304128
2199024312320
2199157473280
2199157481472
2199158521856
2199158530048
2216203124736
2216203132928
2216204173312
2216204181504
2216337342464
2216337350656
2216338391040
2216338399232
0
0
0
0
0
0
0
0
0
0
0
0
0
0
0
0
0
0
0
0
0
0
0
0
0
0
0
0
0
0
0
0
0
0
0
0
0
0
0
0
0
0
0
0
0
0
0
0
0
0
0
0
0
0
0
0
0
0
0
0
0
0
0
0
0
0
0
0
0
0
0
0
0
0
0
0
0
0
0
0
0
0
0
0
0
0
0
0
0
0
0
0
0
0
0
0
0
0
0
0
0
0
0
0
0
0
0
0
0
0
0
0
0
0
0
0
0
0
0
0
0
0
0
0
0
0
0
0
0
0
0
0
0
0
0
0
0
0
0
0
0
0
0
0
0
0
0
0
0
0
0
0
0
0
0
0
0
0
0
0
0
0
0
0
0
0
0
0
0
0
0
0
0
0
0
0
0
0
0
0
0
0
0
0
0
0
0
0
0
0
0
0
0
0
0
0
0
0
0
0
0
0
0
0
0
0
0
0
0
0
0
0
0
0
0
0
0
0
0
0
0
0
0
0
0
0
0
0
0
0
0
0
0
0
0
0
0
0
0
0
0
0
0
0
0
0
0
0
0
0
0
0
0
0
0
0
0
0
0
0
0
0
0
0
0
0
0
0
0
0
0
0
0
0
0
0
0
0
0
0
0
0
0
0
0
0
0
0
0
0
0
0
0
0
0
0
0
0
0
0
0
0
0
0
0
0
0
0
0
0
0
0
0
0
0
0
0
0
0
0
0
0
0
0
0
0
0
0
0
0
0
0
0
0
0
0
0
0
0
0
0
0
0
0
0
0
0
0
0
0
0
0
0
0
0
0
0
0
0
0
0
0
0
0
0
0
0
0
0
0
0
0
0
0
0
0
0
0
0
0
0
0
0
0
0
0
0
0
0
0
0
0
0
0
0
0
0
0
0
0
0
0
0
0
0
0
0
0
0
0
0
0
0
0
0
0
0
0
0
0
0
0
0
0
0
0
0
0
0
0
0
0
0
0
0
0
0
0
0
0
0
0
0
0
0
0
0
0
0
0
0
0
0
0
0
0
0
0
0
0
0
0
0
0
0
0
0
0
0
0
0
0
0
0
0
0
0
0
0
0
0
16384
2097152
2113536
268435456
268451840
270532608
270548992
34359738368
34359754752
34361835520
34361851904
34628173824
34628190208
34630270976
34630287360
4398046511104
4398046527488
4398048608256
4398048624640
4398314946560
4398314962944
4398317043712
4398317060096
4432406249472
4432406265856
4432408346624
4432408363008
4432674684928
4432674701312
4432676782080
4432676798464
562949953421312
562949953437696
562949955518464
562949955534848
562950221856768
562950221873152
562950223953920
562950223970304
562984313159680
562984313176064
562984315256832
562984315273216
562984581595136
562984581611520
562984583692288
562984583708672
567347999932416
567347999948800
567348002029568
567348002045952
567348268367872
567348268384256
567348270465024
567348270481408
567382359670784
567382359687168
567382361767936
567382361784320
567382628106240
567382628122624
567382630203392
567382630219776
0
0
0
0
0
0
0
0
0
0
0
0
0
0
0
0
0
0
0
0
0
0
0
0
0
0
0
0
0
0
0
0
0
0
0
0
0
0
0
0
0
0
0
0
0
0
0
0
0
0
0
0
0
0
0
0
0
0
0
0
0
0
0
0
0
0
0
0
0
0
0
0
0
0
0
0
0
0
0
0
0
0
0
0
0
0
0
0
0
0
0
0
0
0
0
0
0
0
0
0
0
0
0
0
0
0
0
0
0
0
0
0
0
0
0
0
0
0
0
0
0
0
0
0
0
0
0
0
0
0
0
0
0
0
0
0
0
0
0
0
0
0
0
0
0
0
0
0
0
0
0
0
0
0
0
0
0
0
0
0
0
0
0
0
0
0
0
0
0
0
0
0
0
0
0
0
0
0
0
0
0
0
0
0
0
0
0
0
0
0
0
0
0
0
0
0
0
0
0
0
0
0
0
0
0
0
0
0
0
0
0
0
0
0
0
0
0
0
0
0
0
0
0
0
0
0
0
0
0
0
0
0
0
0
0
0
0
0
0
0
0
0
0
0
0
0
0
0
0
0
0
0
0
0
0
0
0
0
0
0
0
0
0
0
0
0
0
0
0
0
0
0
0
0
0
0
0
0
0
0
0
0
0
0
0
0
0
0
0
0
0
0
0
0
0
0
0
0
0
0
0
0
0
0
0
0
0
0
0
0
0
0
0
0
0
0
0
0
0
0
0
0
0
0
0
0
0
0
0
0
0
0
0
0
0
0
0
0
0
0
0
0
0
0
0
0
0
0
0
0
0
0
0
0
0
0
0
0
0
0
0
0
0
0
0
0
0
0
0
0
0
0
0
0
0
0
0
0
0
0
0
0
0
0
0
0
0
0
0
0
0
0
0
0
0
0
0
0
0
0
0
0
0
0
0
0
0
0
0
0
0
0
0
0
0
0
0
0
0
0
0
0
0
0
0
0
0
0
0
0
0
0
0
0
0
0
0
0
0
0
0
0
0
0
0
0
0
0
0
131072
67108864
67239936
34359738368
34359869440
34426847232
34426978304
17592186044416
17592186175488
17592253153280
17592253284352
17626545782784
17626545913856
17626612891648
17626613022720
9007199254740992
9007199254872064
9007199321849856
9007199321980928
9007233614479360
9007233614610432
9007233681588224
9007233681719296
9024791440785408
9024791440916480
9024791507894272
9024791508025344
9024825800523776
9024825800654848
9024825867632640
9024825867763712
0
0
0
0
0
0
0
0
0
0
0
0
0
0
0
0
0
0
0
0
0
0
0
0
0
0
0
0
0
0
0
0
0
0
0
0
0
0
0
0
0
0
0
0
0
0
0
0
0
0
0
0
0
0
0
0
0
0
0
0
0
0
0
0
0
0
0
0
0
0
0
0
0
0
0
0
0
0
0
0
0
0
0
0
0
0
0
0
0
0
0
0
0
0
0
0
0
0
0
0
0
0
0
0
0
0
0
0
0
0
0
0
0
0
0
0
0
0
0
0
0
0
0
0
0
0
0
0
0
0
0
0
0
0
0
0
0
0
0
0
0
0
0
0
0
0
0
0
0
0
0
0
0
0
0
0
0
0
0
0
0
0
0
0
0
0
0
0
0
0
0
0
0
0
0
0
0
0
0
0
0
0
0
0
0
0
0
0
0
0
0
0
0
0
0
0
0
0
0
0
0
0
0
0
0
0
0
0
0
0
0
0
0
0
0
0
0
0
0
0
0
0
0
0
0
0
0
0
0
0
0
0
0
0
0
0
0
0
0
0
0
0
0
0
0
0
0
0
0
0
0
0
0
0
0
0
0
0
0
0
0
0
0
0
0
0
0
0
0
0
0
0
0
0
0
0
0
0
0
0
0
0
0
0
0
0
0
0
0
0
0
0
0
0
0
0
0
0
0
0
0
0
0
0
0
0
0
0
0
0
0
0
0
0
0
0
0
0
0
0
0
0
0
0
0
0
0
0
0
0
0
0
0
0
0
0
0
0
0
0
0
0
0
0
0
0
0
0
0
0
0
0
0
0
0
0
0
0
0
0
0
0
0
0
0
0
0
0
0
0
0
0
0
0
0
0
0
0
0
0
0
0
0
0
0
0
0
0
0
0
0
0
0
0
0
0
0
0
0
0
0
0
0
0
0
0
0
0
0
0
0
0
0
0
0
0
0
0
0
0
0
0
0
0
0
0
0
0
0
0
0
0
0
0
0
0
0
0
0
0
0
0
0
0
0
0
0
0
0
0
0
0
0
0
0
0
0
0
0
0
0
0
0
0
0
0
0
0
0
0
0
0
0
0
0
0
0
0
0
0
0
262144
134217728
134479872
68719476736
68719738880
68853694464
68853956608
35184372088832
35184372350976
35184506306560
35184506568704
35253091565568
35253091827712
35253225783296
35253226045440
18014398509481984
18014398509744128
18014398643699712
18014398643961856
18014467228958720
18014467229220864
18014467363176448
18014467363438592
18049582881570816
18049582881832960
18049583015788544
18049583016050688
18049651601047552
18049651601309696
18049651735265280
18049651735527424
0
0
0
0
0
0
0
0
0
0
0
0
0
0
0
0
0
0
0
0
0
0
0
0
0
0
0
0
0
0
0
0
0
0
0
0
0
0
0
0
0
0
0
0
0
0
0
0
0
0
0
0
0
0
0
0
0
0
0
0
0
0
0
0
0
0
0
0
0
0
0
0
0
0
0
0
0
0
0
0
0
0
0
0
0
0
0
0
0
0
0
0
0
0
0
0
0
0
0
0
0
0
0
0
0
0
0
0
0
0
0
0
0
0
0
0
0
0
0
0
0
0
0
0
0
0
0
0
0
0
0
0
0
0
0
0
0
0
0
0
0
0
0
0
0
0
0
0
0
0
0
0
0
0
0
0
0
0
0
0
0
0
0
0
0
0
0
0
0
0
0
0
0
0
0
0
0
0
0
0
0
0
0
0
0
0
0
0
0
0
0
0
0
0
0
0
0
0
0
0
0
0
0
0
0
0
0
0
0
0
0
0
0
0
0
0
0
0
0
0
0
0
0
0
0
0
0
0
0
0
0
0
0
0
0
0
0
0
0
0
0
0
0
0
0
0
0
0
0
0
0
0
0
0
0
0
0
0
0
0
0
0
0
0
0
0
0
0
0
0
0
0
0
0
0
0
0
0
0
0
0
0
0
0
0
0
0
0
0
0
0
0
0
0
0
0
0
0
0
0
0
0
0
0
0
0
0
0
0
0
0
0
0
0
0
0
0
0
0
0
0
0
0
0
0
0
0
0
0
0
0
0
0
0
0
0
0
0
0
0
0
0
0
0
0
0
0
0
0
0
0
0
0
0
0
0
0
0
0
0
0
0
0
0
0
0
0
0
0
0
0
0
0
0
0
0
0
0
0
0
0
0
0
0
0
0
0
0
0
0
0
0
0
0
0
0
0
0
0
0
0
0
0
0
0
0
0
0
0
0
0
0
0
0
0
0
0
0
0
0
0
0
0
0
0
0
0
0
0
0
0
0
0
0
0
0
0
0
0
0
0
0
0
0
0
0
0
0
0
0
0
0
0
0
0
0
0
0
0
0
0
0
0
0
0
0
0
0
0
0
0
0
0
0
0
0
0
0
0
0
0
131072
524288
655360
268435456
268566528
268959744
269090816
137438953472
137439084544
137439477760
137439608832
137707388928
137707520000
137707913216
137708044288
70368744177664
70368744308736
70368744701952
70368744833024
70369012613120
70369012744192
70369013137408
70369013268480
70506183131136
70506183262208
70506183655424
70506183786496
70506451566592
70506451697664
70506452090880
70506452221952
0
0
0
0
0
0
0
0
0
0
0
0
0
0
0
0
0
0
0
0
0
0
0
0
0
0
0
0
0
0
0
0
0
0
0
0
0
0
0
0
0
0
0
0
0
0
0
0
0
0
0
0
0
0
0
0
0
0
0
0
0
0
0
0
0
0
0
0
0
0
0
0
0
0
0
0
0
0
0
0
0
0
0
0
0
0
0
0
0
0
0
0
0
0
0
0
0
0
0
0
0
0
0
0
0
0
0
0
0
0
0
0
0
0
0
0
0
0
0
0
0
0
0
0
0
0
0
0
0
0
0
0
0
0
0
0
0
0
0
0
0
0
0
0
0
0
0
0
0
0
0
0
0
0
0
0
0
0
0
0
0
0
0
0
0
0
0
0
0
0
0
0
0
0
0
0
0
0
0
0
0
0
0
0
0
0
0
0
0
0
0
0
0
0
0
0
0
0
0
0
0
0
0
0
0
0
0
0
0
0
0
0
0
0
0
0
0
0
0
0
0
0
0
0
0
0
0
0
0
0
0
0
0
0
0
0
0
0
0
0
0
0
0
0
0
0
0
0
0
0
0
0
0
0
0
0
0
0
0
0
0
0
0
0
0
0
0
0
0
0
0
0
0
0
0
0
0
0
0
0
0
0
0
0
0
0
0
0
0
0
0
0
0
0
0
0
0
0
0
0
0
0
0
0
0
0
0
0
0
0
0
0
0
0
0
0
0
0
0
0
0
0
0
0
0
0
0
0
0
0
0
0
0
0
0
0
0
0
0
0
0
0
0
0
0
0
0
0
0
0
0
0
0
0
0
0
0
0
0
0
0
0
0
0
0
0
0
0
0
0
0
0
0
0
0
0
0
0
0
0
0
0
0
0
0
0
0
0
0
0
0
0
0
0
0
0
0
0
0
0
0
0
0
0
0
0
0
0
0
0
0
0
0
0
0
0
0
0
0
0
0
0
0
0
0
0
0
0
0
0
0
0
0
0
0
0
0
0
0
0
0
0
0
0
0
0
0
0
0
0
0
0
0
0
0
0
0
0
0
0
0
0
0
0
0
0
0
0
0
0
0
0
0
0
0
0
0
0
0
0
0
262144
1048576
1310720
33554432
33816576
34603008
34865152
536870912
537133056
537919488
538181632
570425344
570687488
571473920
571736064
274877906944
274878169088
274878955520
274879217664
274911461376
274911723520
274912509952
274912772096
275414777856
275415040000
275415826432
275416088576
275448332288
275448594432
275449380864
275449643008
0
0
0
0
0
0
0
0
0
0
0
0
0
0
0
0
0
0
0
0
0
0
0
0
0
0
0
0
0
0
0
0
0
0
0
0
0
0
0
0
0
0
0
0
0
0
0
0
0
0
0
0
0
0
0
0
0
0
0
0
0
0
0
0
0
0
0
0
0
0
0
0
0
0
0
0
0
0
0
0
0
0
0
0
0
0
0
0
0
0
0
0
0
0
0
0
0
0
0
0
0
0
0
0
0
0
0
0
0
0
0
0
0
0
0
0
0
0
0
0
0
0
0
0
0
0
0
0
0
0
0
0
0
0
0
0
0
0
0
0
0
0
0
0
0
0
0
0
0
0
0
0
0
0
0
0
0
0
0
0
0
0
0
0
0
0
0
0
0
0
0
0
0
0
0
0
0
0
0
0
0
0
0
0
0
0
0
0
0
0
0
0
0
0
0
0
0
0
0
0
0
0
0
0
0
0
0
0
0
0
0
0
0
0
0
0
0
0
0
0
0
0
0
0
0
0
0
0
0
0
0
0
0
0
0
0
0
0
0
0
0
0
0
0
0
0
0
0
0
0
0
0
0
0
0
0
0
0
0
0
0
0
0
0
0
0
0
0
0
0
0
0
0
0
0
0
0
0
0
0
0
0
0
0
0
0
0
0
0
0
0
0
0
0
0
0
0
0
0
0
0
0
0
0
0
0
0
0
0
0
0
0
0
0
0
0
0
0
0
0
0
0
0
0
0
0
0
0
0
0
0
0
0
0
0
0
0
0
0
0
0
0
0
0
0
0
0
0
0
0
0
0
0
0
0
0
0
0
0
0
0
0
0
0
0
0
0
0
0
0
0
0
0
0
0
0
0
0
0
0
0
0
0
0
0
0
0
0
0
0
0
0
0
0
0
0
0
0
0
0
0
0
0
0
0
0
0
0
0
0
0
0
0
0
0
0
0
0
0
0
0
0
0
0
0
0
0
0
0
0
0
0
0
0
0
0
0
0
0
0
0
0
0
0
0
0
0
0
0
0
0
0
0
0
0
0
0
0
0
0
0
0
0
0
0
0
0
0
0
0
0
0
0
0
0
0
0
0
0
0
0
524288
2097152
2621440
67108864
67633152
69206016
69730304
1073741824
1074266112
1075838976
1076363264
1140850688
1141374976
1142947840
1143472128
8589934592
8590458880
8592031744
8592556032
8657043456
8657567744
8659140608
8659664896
9663676416
9664200704
9665773568
9666297856
9730785280
9731309568
9732882432
9733406720
0
0
0
0
0
0
0
0
0
0
0
0
0
0
0
0
0
0
0
0
0
0
0
0
0
0
0
0
0
0
0
0
0
0
0
0
0
0
0
0
0
0
0
0
0
0
0
0
0
0
0
0
0
0
0
0
0
0
0
0
0
0
0
0
0
0
0
0
0
0
0
0
0
0
0
0
0
0
0
0
0
0
0
0
0
0
0
0
0
0
0
0
0
0
0
0
0
0
0
0
0
0
0
0
0
0
0
0
0
0
0
0
0
0
0
0
0
0
0
0
0
0
0
0
0
0
0
0
0
0
0
0
0
0
0
0
0
0
0
0
0
0
0
0
0
0
0
0
0
0
0
0
0
0
0
0
0
0
0
0
0
0
0
0
0
0
0
0
0
0
0
0
0
0
0
0
0
0
0
0
0
0
0
0
0
0
0
0
0
0
0
0
0
0
0
0
0
0
0
0
0
0
0
0
0
0
0
0
0
0
0
0
0
0
0
0
0
0
0
0
0
0
0
0
0
0
0
0
0
0
0
0
0
0
0
0
0
0
0
0
0
0
0
0
0
0
0
0
0
0
0
0
0
0
0
0
0
0
0
0
0
0
0
0
0
0
0
0
0
0
0
0
0
0
0
0
0
0
0
0
0
0
0
0
0
0
0
0
0
0
0
0
0
0
0
0
0
0
0
0
0
0
0
0
0
0
0
0
0
0
0
0
0
0
0
0
0
0
0
0
0
0
0
0
0
0
0
0
0
0
0
0
0
0
0
0
0
0
0
0
0
0
0
0
0
0
0
0
0
0
0
0
0
0
0
0
0
0
0
0
0
0
0
0
0
0
0
0
0
0
0
0
0
0
0
0
0
0
0
0
0
0
0
0
0
0
0
0
0
0
0
0
0
0
0
0
0
0
0
0
0
0
0
0
0
0
0
0
0
0
0
0
0
0
0
0
0
0
0
0
0
0
0
0
0
0
0
0
0
0
0
0
0
0
0
0
0
0
0
0
0
0
0
0
0
0
0
0
0
0
0
0
0
0
0
0
0
0
0
0
0
0
0
0
0
0
0
0
0
0
0
0
0
0
0
0
0
0
0
0
0
1048576
4194304
5242880
134217728
135266304
138412032
139460608
17179869184
17180917760
17184063488
17185112064
17314086912
17315135488
17318281216
17319329792
2199023255552
2199024304128
2199027449856
2199028498432
2199157473280
2199158521856
2199161667584
2199162716160
2216203124736
2216204173312
2216207319040
2216208367616
2216337342464
2216338391040
2216341536768
2216342585344
0
0
0
0
0
0
0
0
0
0
0
0
0
0
0
0
0
0
0
0
0
0
0
0
0
0
0
0
0
0
0
0
0
0
0
0
0
0
0
0
0
0
0
0
0
0
0
0
0
0
0
0
0
0
0
0
0
0
0
0
0
0
0
0
0
0
0
0
0
0
0
0
0
0
0
0
0
0
0
0
0
0
0
0
0
0
0
0
0
0
0
0
0
0
0
0
0
0
0
0
0
0
0
0
0
0
0
0
0
0
0
0
0
0
0
0
0
0
0
0
0
0
0
0
0
0
0
0
0
0
0
0
0
0
0
0
0
0
0
0
0
0
0
0
0
0
0
0
0
0
0
0
0
0
0
0
0
0
0
0
0
0
0
0
0
0
0
0
0
0
0
0
0
0
0
0
0
0
0
0
0
0
0
0
0
0
0
0
0
0
0
0
0
0
0
0
0
0
0
0
0
0
0
0
0
0
0
0
0
0
0
0
0
0
0
0
0
0
0
0
0
0
0
0
0
0
0
0
0
0
0
0
0
0
0
0
0
0
0
0
0
0
0
0
0
0
0
0
0
0
0
0
0
0
0
0
0
0
0
0
0
0
0
0
0
0
0
0
0
0
0
0
0
0
0
0
0
0
0
0
0
0
0
0
0
0
0
0
0
0
0
0
0
0
0
0
0
0
0
0
0
0
0
0
0
0
0
0
0
0
0
0
0
0
0
0
0
0
0
0
0
0
0
0
0
0
0
0
0
0
0
0
0
0
0
0
0
0
0
0
0
0
0
0
0
0
0
0
0
0
0
0
0
0
0
0
0
0
0
0
0
0
0
0
0
0
0
0
0
0
0
0
0
0
0
0
0
0
0
0
0
0
0
0
0
0
0
0
0
0
0
0
0
0
0
0
0
0
0
0
0
0
0
0
0
0
0
0
0
0
0
0
0
0
0
0
0
0
0
0
0
0
0
0
0
0
0
0
0
0
0
0
0
0
0
0
0
0
0
0
0
0
0
0
0
0
0
0
0
0
0
0
0
0
0
0
0
0
0
0
0
0
0
0
0
0
0
0
0
0
0
0
0
0
0
0
0
0
0
0
0
2097152
268435456
270532608
34359738368
34361835520
34628173824
34630270976
4398046511104
4398048608256
4398314946560
4398317043712
4432406249472
4432408346624
4432674684928
4432676782080
562949953421312
562949955518464
562950221856768
562950223953920
562984313159680
562984315256832
562984581595136
562984583692288
567347999932416
567348002029568
567348268367872
567348270465024
567382359670784
567382361767936
567382628106240
567382630203392
0
0
0
0
0
0
0
0
0
0
0
0
0
0
0
0
0
0
0
0
0
0
0
0
0
0
0
0
0
0
0
0
0
0
0
0
0
0
0
0
0
0
0
0
0
0
0
0
0
0
0
0
0
0
0
0
0
0
0
0
0
0
0
0
0
0
0
0
0
0
0
0
0
0
0
0
0
0
0
0
0
0
0
0
0
0
0
0
0
0
0
0
0
0
0
0
0
0
0
0
0
0
0
0
0
0
0
0
0
0
0
0
0
0
0
0
0
0
0
0
0
0
0
0
0
0
0
0
0
0
0
0
0
0
0
0
0
0
0
0
0
0
0
0
0
0
0
0
0
0
0
0
0
0
0
0
0
0
0
0
0
0
0
0
0
0
0
0
0
0
0
0
0
0
0
0
0
0
0
0
0
0
0
0
0
0
0
0
0
0
0
0
0
0
0
0
0
0
0
0
0
0
0
0
0
0
0
0
0
0
0
0
0
0
0
0
0
0
0
0
0
0
0
0
0
0
0
0
0
0
0
0
0
0
0
0
0
0
0
0
0
0
0
0
0
0
0
0
0
0
0
0
0
0
0
0
0
0
0
0
0
0
0
0
0
0
0
0
0
0
0
0
0
0
0
0
0
0
0
0
0
0
0
0
0
0
0
0
0
0
0
0
0
0
0
0
0
0
0
0
0
0
0
0
0
0
0
0
0
0
0
0
0
0
0
0
0
0
0
0
0
0
0
0
0
0
0
0
0
0
0
0
0
0
0
0
0
0
0
0
0
0
0
0
0
0
0
0
0
0
0
0
0
0
0
0
0
0
0
0
0
0
0
0
0
0
0
0
0
0
0
0
0
0
0
0
0
0
0
0
0
0
0
0
0
0
0
0
0
0
0
0
0
0
0
0
0
0
0
0
0
0
0
0
0
0
0
0
0
0
0
0
0
0
0
0
0
0
0
0
0
0
0
0
0
0
0
0
0
0
0
0
0
0
0
0
0
0
0
0
0
0
0
0
0
0
0
0
0
0
0
0
0
0
0
0
0
0
0
0
0
0
0
0
0
0
0
0
0
0
0
0
0
0
0
0
0
0
0
0
0
4194304
536870912
541065216
68719476736
68723671040
69256347648
69260541952
8796093022208
8796097216512
8796629893120
8796634087424
8864812498944
8864816693248
8865349369856
8865353564160
1125899906842624
1125899911036928
1125900443713536
1125900447907840
1125968626319360
1125968630513664
1125969163190272
1125969167384576
1134695999864832
1134696004059136
1134696536735744
1134696540930048
1134764719341568
1134764723535872
1134765256212480
1134765260406784
0
0
0
0
0
0
0
0
0
0
0
0
0
0
0
0
0
0
0
0
0
0
0
0
0
0
0
0
0
0
0
0
0
0
0
0
0
0
0
0
0
0
0
0
0
0
0
0
0
0
0
0
0
0
0
0
0
0
0
0
0
0
0
0
0
0
0
0
0
0
0
0
0
0
0
0
0
0
0
0
0
0
0
0
0
0
0
0
0
0
0
0
0
0
0
0
0
0
0
0
0
0
0
0
0
0
0
0
0
0
0
0
0
0
0
0
0
0
0
0
0
0
0
0
0
0
0
0
0
0
0
0
0
0
0
0
0
0
0
0
0
0
0
0
0
0
0
0
0
0
0
0
0
0
0
0
0
0
0
0
0
0
0
0
0
0
0
0
0
0
0
0
0
0
0
0
0
0
0
0
0
0
0
0
0
0
0
0
0
0
0
0
0
0
0
0
0
0
0
0
0
0
0
0
0
0
0
0
0
0
0
0
0
0
0
0
0
0
0
0
0
0
0
0
0
0
0
0
0
0
0
0
0
0
0
0
0
0
0
0
0
0
0
0
0
0
0
0
0
0
0
0
0
0
0
0
0
0
0
0
0
0
0
0
0
0
0
0
0
0
0
0
0
0
0
0
0
0
0
0
0
0
0
0
0
0
0
0
0
0
0
0
0
0
0
0
0
0
0
0
0
0
0
0
0
0
0
0
0
0
0
0
0
0
0
0
0
0
0
0
0
0
0
0
0
0
0
0
0
0
0
0
0
0
0
0
0
0
0
0
0
0
0
0
0
0
0
0
0
0
0
0
0
0
0
0
0
0
0
0
0
0
0
0
0
0
0
0
0
0
0
0
0
0
0
0
0
0
0
0
0
0
0
0
0
0
0
0
0
0
0
0
0
0
0
0
0
0
0
0
0
0
0
0
0
0
0
0
0
0
0
0
0
0
0
0
0
0
0
0
0
0
0
0
0
0
0
0
0
0
0
0
0
0
0
0
0
0
0
0
0
0
0
0
0
0
0
0
0
0
0
0
0
0
0
0
0
0
0
0
0
0
0
0
0
0
0
0
0
0
0
0
0
0
0
0
0
0
0
0
0
512
33554432
33554944
17179869184
17179869696
17213423616
17213424128
8796093022208
8796093022720
8796126576640
8796126577152
8813272891392
8813272891904
8813306445824
8813306446336
4503599627370496
4503599627371008
4503599660924928
4503599660925440
4503616807239680
4503616807240192
4503616840794112
4503616840794624
4512395720392704
4512395720393216
4512395753947136
4512395753947648
4512412900261888
4512412900262400
4512412933816320
4512412933816832
0
0
0
0
0
0
0
0
0
0
0
0
0
0
0
0
0
0
0
0
0
0
0
0
0
0
0
0
0
0
0
0
0
0
0
0
0
0
0
0
0
0
0
0
0
0
0
0
0
0
0
0
0
0
0
0
0
0
0
0
0
0
0
0
0
0
0
0
0
0
0
0
0
0
0
0
0
0
0
0
0
0
0
0
0
0
0
0
0
0
0
0
0
0
0
0
0
0
0
0
0
0
0
0
0
0
0
0
0
0
0
0
0
0
0
0
0
0
0
0
0
0
0
0
0
0
0
0
0
0
0
0
0
0
0
0
0
0
0
0
0
0
0
0
0
0
0
0
0
0
0
0
0
0
0
0
0
0
0
0
0
0
0
0
0
0
0
0
0
0
0
0
0
0
0
0
0
0
0
0
0
0
0
0
0
0
0
0
0
0
0
0
0
0
0
0
0
0
0
0
0
0
0
0
0
0
0
0
0
0
0
0
0
0
0
0
0
0
0
0
0
0
0
0
0
0
0
0
0
0
0
0
0
0
0
0
0
0
0
0
0
0
0
0
0
0
0
0
0
0
0
0
0
0
0
0
0
0
0
0
0
0
0
0
0
0
0
0
0
0
0
0
0
0
0
0
0
0
0
0
0
0
0
0
0
0
0
0
0
0
0
0
0
0
0
0
0
0
0
0
0
0
0
0
0
0
0
0
0
0
0
0
0
0
0
0
0
0
0
0
0
0
0
0
0
0
0
0
0
0
0
0
0
0
0
0
0
0
0
0
0
0
0
0
0
0
0
0
0
0
0
0
0
0
0
0
0
0
0
0
0
0
0
0
0
0
0
0
0
0
0
0
0
0
0
0
0
0
0
0
0
0
0
0
0
0
0
0
0
0
0
0
0
0
0
0
0
0
0
0
0
0
0
0
0
0
0
0
0
0
0
0
0
0
0
0
0
0
0
0
0
0
0
0
0
0
0
0
0
0
0
0
0
0
0
0
0
0
0
0
0
0
0
0
0
0
0
0
0
0
0
0
0
0
0
0
0
0
0
0
0
0
0
0
0
0
0
0
0
0
0
0
0
0
0
0
0
0
0
0
0
1024
67108864
67109888
34359738368
34359739392
34426847232
34426848256
17592186044416
17592186045440
17592253153280
17592253154304
17626545782784
17626545783808
17626612891648
17626612892672
9007199254740992
9007199254742016
9007199321849856
9007199321850880
9007233614479360
9007233614480384
9007233681588224
9007233681589248
9024791440785408
9024791440786432
9024791507894272
9024791507895296
9024825800523776
9024825800524800
9024825867632640
9024825867633664
0
0
0
0
0
0
0
0
0
0
0
0
0
0
0
0
0
0
0
0
0
0
0
0
0
0
0
0
0
0
0
0
0
0
0
0
0
0
0
0
0
0
0
0
0
0
0
0
0
0
0
0
0
0
0
0
0
0
0
0
0
0
0
0
0
0
0
0
0
0
0
0
0
0
0
0
0
0
0
0
0
0
0
0
0
0
0
0
0
0
0
0
0
0
0
0
0
0
0
0
0
0
0
0
0
0
0
0
0
0
0
0
0
0
0
0
0
0
0
0
0
0
0
0
0
0
0
0
0
0
0
0
0
0
0
0
0
0
0
0
0
0
0
0
0
0
0
0
0
0
0
0
0
0
0
0
0
0
0
0
0
0
0
0
0
0
0
0
0
0
0
0
0
0
0
0
0
0
0
0
0
0
0
0
0
0
0
0
0
0
0
0
0
0
0
0
0
0
0
0
0
0
0
0
0
0
0
0
0
0
0
0
0
0
0
0
0
0
0
0
0
0
0
0
0
0
0
0
0
0
0
0
0
0
0
0
0
0
0
0
0
0
0
0
0
0
0
0
0
0
0
0
0
0
0
0
0
0
0
0
0
0
0
0
0
0
0
0
0
0
0
0
0
0
0
0
0
0
0
0
0
0
0
0
0
0
0
0
0
0
0
0
0
0
0
0
0
0
0
0
0
0
0
0
0
0
0
0
0
0
0
0
0
0
0
0
0
0
0
0
0
0
0
0
0
0
0
0
0
0
0
0
0
0
0
0
0
0
0
0
0
0
0
0
0
0
0
0
0
0
0
0
0
0
0
0
0
0
0
0
0
0
0
0
0
0
0
0
0
0
0
0
0
0
0
0
0
0
0
0
0
0
0
0
0
0
0
0
0
0
0
0
0
0
0
0
0
0
0
0
0
0
0
0
0
0
0
0
0
0
0
0
0
0
0
0
0
0
0
0
0
0
0
0
0
0
0
0
0
0
0
0
0
0
0
0
0
0
0
0
0
0
0
0
0
0
0
0
0
0
0
0
0
0
0
0
0
0
0
0
0
0
0
0
0
0
0
0
0
0
0
0
0
0
0
0
0
0
0
0
0
512
2048
2560
33554432
33554944
33556480
33556992
134217728
134218240
134219776
134220288
167772160
167772672
167774208
167774720
68719476736
68719477248
68719478784
68719479296
68753031168
68753031680
68753033216
68753033728
68853694464
68853694976
68853696512
68853697024
68887248896
68887249408
68887250944
68887251456
35184372088832
35184372089344
35184372090880
35184372091392
35184405643264
35184405643776
35184405645312
35184405645824
35184506306560
35184506307072
35184506308608
35184506309120
35184539860992
35184539861504
35184539863040
35184539863552
35253091565568
35253091566080
35253091567616
35253091568128
35253125120000
35253125120512
35253125122048
35253125122560
35253225783296
35253225783808
35253225785344
35253225785856
35253259337728
35253259338240
35253259339776
35253259340288
18014398509481984
18014398509482496
18014398509484032
18014398509484544
18014398543036416
18014398543036928
18014398543038464
18014398543038976
18014398643699712
18014398643700224
18014398643701760
18014398643702272
18014398677254144
18014398677254656
18014398677256192
18014398677256704
18014467228958720
18014467228959232
18014467228960768
18014467228961280
18014467262513152
18014467262513664
18014467262515200
18014467262515712
18014467363176448
18014467363176960
18014467363178496
18014467363179008
18014467396730880
18014467396731392
18014467396732928
18014467396733440
18049582881570816
18049582881571328
18049582881572864
18049582881573376
18049582915125248
18049582915125760
18049582915127296
18049582915127808
18049583015788544
18049583015789056
18049583015790592
18049583015791104
18049583049342976
18049583049343488
18049583049345024
18049583049345536
18049651601047552
18049651601048064
18049651601049600
18049651601050112
18049651634601984
18049651634602496
18049651634604032
18049651634604544
18049651735265280
18049651735265792
18049651735267328
18049651735267840
18049651768819712
18049651768820224
18049651768821760
18049651768822272
0
0
0
0
0
0
0
0
0
0
0
0
0
0
0
0
0
0
0
0
0
0
0
0
0
0
0
0
0
0
0
0
0
0
0
0
0
0
0
0
0
0
0
0
0
0
0
0
0
0
0
0
0
0
0
0
0
0
0
0
0
0
0
0
0
0
0
0
0
0
0
0
0
0
0
0
0
0
0
0
0
0
0
0
0
0
0
0
0
0
0
0
0
0
0
0
0
0
0
0
0
0
0
0
0
0
0
0
0
0
0
0
0
0
0
0
0
0
0
0
0
0
0
0
0
0
0
0
0
0
0
0
0
0
0
0
0
0
0
0
0
0
0
0
0
0
0
0
0
0
0
0
0
0
0
0
0
0
0
0
0
0
0
0
0
0
0
0
0
0
0
0
0
0
0
0
0
0
0
0
0
0
0
0
0
0
0
0
0
0
0
0
0
0
0
0
0
0
0
0
0
0
0
0
0
0
0
0
0
0
0
0
0
0
0
0
0
0
0
0
0
0
0
0
0
0
0
0
0
0
0
0
0
0
0
0
0
0
0
0
0
0
0
0
0
0
0
0
0
0
0
0
0
0
0
0
0
0
0
0
0
0
0
0
0
0
0
0
0
0
0
0
0
0
0
0
0
0
0
0
0
0
0
0
0
0
0
0
0
0
0
0
0
0
0
0
0
0
0
0
0
0
0
0
0
0
0
0
0
0
0
0
0
0
0
0
0
0
0
0
0
0
0
0
0
0
0
0
0
0
0
0
0
0
0
0
0
0
0
0
0
0
0
0
0
0
0
0
0
0
0
0
0
0
0
0
0
0
0
0
0
0
0
0
0
0
0
0
0
0
0
0
0
0
0
0
0
0
0
0
0
0
0
0
0
1024
4096
5120
67108864
67109888
67112960
67113984
268435456
268436480
268439552
268440576
335544320
335545344
335548416
335549440
8589934592
8589935616
8589938688
8589939712
8657043456
8657044480
8657047552
8657048576
8858370048
8858371072
8858374144
8858375168
8925478912
8925479936
8925483008
8925484032
137438953472
137438954496
137438957568
137438958592
137506062336
137506063360
137506066432
137506067456
137707388928
137707389952
137707393024
137707394048
137774497792
137774498816
137774501888
137774502912
146028888064
146028889088
146028892160
146028893184
146095996928
146095997952
146096001024
146096002048
146297323520
146297324544
146297327616
146297328640
146364432384
146364433408
146364436480
146364437504
70368744177664
70368744178688
70368744181760
70368744182784
70368811286528
70368811287552
70368811290624
70368811291648
70369012613120
70369012614144
70369012617216
70369012618240
70369079721984
70369079723008
70369079726080
70369079727104
70377334112256
70377334113280
70377334116352
70377334117376
70377401221120
70377401222144
70377401225216
70377401226240
70377602547712
70377602548736
70377602551808
70377602552832
70377669656576
70377669657600
70377669660672
70377669661696
70506183131136
70506183132160
70506183135232
70506183136256
70506250240000
70506250241024
70506250244096
70506250245120
70506451566592
70506451567616
70506451570688
70506451571712
70506518675456
70506518676480
70506518679552
70506518680576
70514773065728
70514773066752
70514773069824
70514773070848
70514840174592
70514840175616
70514840178688
70514840179712
70515041501184
70515041502208
70515041505280
70515041506304
70515108610048
70515108611072
70515108614144
70515108615168
0
0
0
0
0
0
0
0
0
0
0
0
0
0
0
0
0
0
0
0
0
0
0
0
0
0
0
0
0
0
0
0
0
0
0
0
0
0
0
0
0
0
0
0
0
0
0
0
0
0
0
0
0
0
0
0
0
0
0
0
0
0
0
0
0
0
0
0
0
0
0
0
0
0
0
0
0
0
0
0
0
0
0
0
0
0
0
0
0
0
0
0
0
0
0
0
0
0
0
0
0
0
0
0
0
0
0
0
0
0
0
0
0
0
0
0
0
0
0
0
0
0
0
0
0
0
0
0
0
0
0
0
0
0
0
0
0
0
0
0
0
0
0
0
0
0
0
0
0
0
0
0
0
0
0
0
0
0
0
0
0
0
0
0
0
0
0
0
0
0
0
0
0
0
0
0
0
0
0
0
0
0
0
0
0
0
0
0
0
0
0
0
0
0
0
0
0
0
0
0
0
0
0
0
0
0
0
0
0
0
0
0
0
0
0
0
0
0
0
0
0
0
0
0
0
0
0
0
0
0
0
0
0
0
0
0
0
0
0
0
0
0
0
0
0
0
0
0
0
0
0
0
0
0
0
0
0
0
0
0
0
0
0
0
0
0
0
0
0
0
0
0
0
0
0
0
0
0
0
0
0
0
0
0
0
0
0
0
0
0
0
0
0
0
0
0
0
0
0
0
0
0
0
0
0
0
0
0
0
0
0
0
0
0
0
0
0
0
0
0
0
0
0
0
0
0
0
0
0
0
0
0
0
0
0
0
0
0
0
0
0
0
0
0
0
0
0
0
0
0
0
0
0
0
0
0
0
0
0
0
0
0
0
0
0
0
0
0
0
0
0
0
0
0
0
0
0
0
0
0
0
0
0
0
0
2048
8192
10240
134217728
134219776
134225920
134227968
536870912
536872960
536879104
536881152
671088640
671090688
671096832
671098880
17179869184
17179871232
17179877376
17179879424
17314086912
17314088960
17314095104
17314097152
17716740096
17716742144
17716748288
17716750336
17850957824
17850959872
17850966016
17850968064
274877906944
274877908992
274877915136
274877917184
275012124672
275012126720
275012132864
275012134912
275414777856
275414779904
275414786048
275414788096
275548995584
275548997632
275549003776
275549005824
292057776128
292057778176
292057784320
292057786368
292191993856
292191995904
292192002048
292192004096
292594647040
292594649088
292594655232
292594657280
292728864768
292728866816
292728872960
292728875008
2199023255552
2199023257600
2199023263744
2199023265792
2199157473280
2199157475328
2199157481472
2199157483520
2199560126464
2199560128512
2199560134656
2199560136704
2199694344192
2199694346240
2199694352384
2199694354432
2216203124736
2216203126784
2216203132928
2216203134976
2216337342464
2216337344512
2216337350656
2216337352704
2216739995648
2216739997696
2216740003840
2216740005888
2216874213376
2216874215424
2216874221568
2216874223616
2473901162496
2473901164544
2473901170688
2473901172736
2474035380224
2474035382272
2474035388416
2474035390464
2474438033408
2474438035456
2474438041600
2474438043648
2474572251136
2474572253184
2474572259328
2474572261376
2491081031680
2491081033728
2491081039872
2491081041920
2491215249408
2491215251456
2491215257600
2491215259648
2491617902592
2491617904640
2491617910784
2491617912832
2491752120320
2491752122368
2491752128512
2491752130560
0
0
0
0
0
0
0
0
0
0
0
0
0
0
0
0
0
0
0
0
0
0
0
0
0
0
0
0
0
0
0
0
0
0
0
0
0
0
0
0
0
0
0
0
0
0
0
0
0
0
0
0
0
0
0
0
0
0
0
0
0
0
0
0
0
0
0
0
0
0
0
0
0
0
0
0
0
0
0
0
0
0
0
0
0
0
0
0
0
0
0
0
0
0
0
0
0
0
0
0
0
0
0
0
0
0
0
0
0
0
0
0
0
0
0
0
0
0
0
0
0
0
0
0
0
0
0
0
0
0
0
0
0
0
0
0
0
0
0
0
0
0
0
0
0
0
0
0
0
0
0
0
0
0
0
0
0
0
0
0
0
0
0
0
0
0
0
0
0
0
0
0
0
0
0
0
0
0
0
0
0
0
0
0
0
0
0
0
0
0
0
0
0
0
0
0
0
0
0
0
0
0
0
0
0
0
0
0
0
0
0
0
0
0
0
0
0
0
0
0
0
0
0
0
0
0
0
0
0
0
0
0
0
0
0
0
0
0
0
0
0
0
0
0
0
0
0
0
0
0
0
0
0
0
0
0
0
0
0
0
0
0
0
0
0
0
0
0
0
0
0
0
0
0
0
0
0
0
0
0
0
0
0
0
0
0
0
0
0
0
0
0
0
0
0
0
0
0
0
0
0
0
0
0
0
0
0
0
0
0
0
0
0
0
0
0
0
0
0
0
0
0
0
0
0
0
0
0
0
0
0
0
0
0
0
0
0
0
0
0
0
0
0
0
0
0
0
0
0
0
0
0
0
0
0
0
0
0
0
0
0
0
0
0
0
0
0
0
0
0
0
0
0
0
0
0
0
0
0
0
0
0
0
0
0
4096
16384
20480
268435456
268439552
268451840
268455936
1073741824
1073745920
1073758208
1073762304
1342177280
1342181376
1342193664
1342197760
34359738368
34359742464
34359754752
34359758848
34628173824
34628177920
34628190208
34628194304
35433480192
35433484288
35433496576
35433500672
35701915648
35701919744
35701932032
35701936128
4398046511104
4398046515200
4398046527488
4398046531584
4398314946560
4398314950656
4398314962944
4398314967040
4399120252928
4399120257024
4399120269312
4399120273408
4399388688384
4399388692480
4399388704768
4399388708864
4432406249472
4432406253568
4432406265856
4432406269952
4432674684928
4432674689024
4432674701312
4432674705408
4433479991296
4433479995392
4433480007680
4433480011776
4433748426752
4433748430848
4433748443136
4433748447232
562949953421312
562949953425408
562949953437696
562949953441792
562950221856768
562950221860864
562950221873152
562950221877248
562951027163136
562951027167232
562951027179520
562951027183616
562951295598592
562951295602688
562951295614976
562951295619072
562984313159680
562984313163776
562984313176064
562984313180160
562984581595136
562984581599232
562984581611520
562984581615616
562985386901504
562985386905600
562985386917888
562985386921984
562985655336960
562985655341056
562985655353344
562985655357440
567347999932416
567347999936512
567347999948800
567347999952896
567348268367872
567348268371968
567348268384256
567348268388352
567349073674240
567349073678336
567349073690624
567349073694720
567349342109696
567349342113792
567349342126080
567349342130176
567382359670784
567382359674880
567382359687168
567382359691264
567382628106240
567382628110336
567382628122624
567382628126720
567383433412608
567383433416704
567383433428992
567383433433088
567383701848064
567383701852160
567383701864448
567383701868544
0
0
0
0
0
0
0
0
0
0
0
0
0
0
0
0
0
0
0
0
0
0
0
0
0
0
0
0
0
0
0
0
0
0
0
0
0
0
0
0
0
0
0
0
0
0
0
0
0
0
0
0
0
0
0
0
0
0
0
0
0
0
0
0
0
0
0
0
0
0
0
0
0
0
0
0
0
0
0
0
0
0
0
0
0
0
0
0
0
0
0
0
0
0
0
0
0
0
0
0
0
0
0
0
0
0
0
0
0
0
0
0
0
0
0
0
0
0
0
0
0
0
0
0
0
0
0
0
0
0
0
0
0
0
0
0
0
0
0
0
0
0
0
0
0
0
0
0
0
0
0
0
0
0
0
0
0
0
0
0
0
0
0
0
0
0
0
0
0
0
0
0
0
0
0
0
0
0
0
0
0
0
0
0
0
0
0
0
0
0
0
0
0
0
0
0
0
0
0
0
0
0
0
0
0
0
0
0
0
0
0
0
0
0
0
0
0
0
0
0
0
0
0
0
0
0
0
0
0
0
0
0
0
0
0
0
0
0
0
0
0
0
0
0
0
0
0
0
0
0
0
0
0
0
0
0
0
0
0
0
0
0
0
0
0
0
0
0
0
0
0
0
0
0
0
0
0
0
0
0
0
0
0
0
0
0
0
0
0
0
0
0
0
0
0
0
0
0
0
0
0
0
0
0
0
0
0
0
0
0
0
0
0
0
0
0
0
0
0
0
0
0
0
0
0
0
0
0
0
0
0
0
0
0
0
0
0
0
0
0
0
0
0
0
0
0
0
0
0
0
0
0
0
0
0
0
0
0
0
0
0
0
0
0
0
0
0
0
0
0
0
0
0
0
0
0
0
0
0
0
0
0
0
0
0
8192
536870912
536879104
68719476736
68719484928
69256347648
69256355840
8796093022208
8796093030400
8796629893120
8796629901312
8864812498944
8864812507136
8865349369856
8865349378048
1125899906842624
1125899906850816
1125900443713536
1125900443721728
1125968626319360
1125968626327552
1125969163190272
1125969163198464
1134695999864832
1134695999873024
1134696536735744
1134696536743936
1134764719341568
1134764719349760
1134765256212480
1134765256220672
0
0
0
0
0
0
0
0
0
0
0
0
0
0
0
0
0
0
0
0
0
0
0
0
0
0
0
0
0
0
0
0
0
0
0
0
0
0
0
0
0
0
0
0
0
0
0
0
0
0
0
0
0
0
0
0
0
0
0
0
0
0
0
0
0
0
0
0
0
0
0
0
0
0
0
0
0
0
0
0
0
0
0
0
0
0
0
0
0
0
0
0
0
0
0
0
0
0
0
0
0
0
0
0
0
0
0
0
0
0
0
0
0
0
0
0
0
0
0
0
0
0
0
0
0
0
0
0
0
0
0
0
0
0
0
0
0
0
0
0
0
0
0
0
0
0
0
0
0
0
0
0
0
0
0
0
0
0
0
0
0
0
0
0
0
0
0
0
0
0
0
0
0
0
0
0
0
0
0
0
0
0
0
0
0
0
0
0
0
0
0
0
0
0
0
0
0
0
0
0
0
0
0
0
0
0
0
0
0
0
0
0
0
0
0
0
0
0
0
0
0
0
0
0
0
0
0
0
0
0
0
0
0
0
0
0
0
0
0
0
0
0
0
0
0
0
0
0
0
0
0
0
0
0
0
0
0
0
0
0
0
0
0
0
0
0
0
0
0
0
0
0
0
0
0
0
0
0
0
0
0
0
0
0
0
0
0
0
0
0
0
0
0
0
0
0
0
0
0
0
0
0
0
0
0
0
0
0
0
0
0
0
0
0
0
0
0
0
0
0
0
0
0
0
0
0
0
0
0
0
0
0
0
0
0
0
0
0
0
0
0
0
0
0
0
0
0
0
0
0
0
0
0
0
0
0
0
0
0
0
0
0
0
0
0
0
0
0
0
0
0
0
0
0
0
0
0
0
0
0
0
0
0
0
0
0
0
0
0
0
0
0
0
0
0
0
0
0
0
0
0
0
0
0
0
0
0
0
0
0
0
0
0
0
0
0
0
0
0
0
0
0
0
0
0
0
0
0
0
0
0
0
0
0
0
0
0
0
0
0
0
0
0
0
0
0
0
0
0
0
0
0
0
0
0
0
0
0
0
0
0
0
0
0
0
0
0
0
0
0
0
0
0
0
0
0
0
0
0
0
0
16384
1073741824
1073758208
137438953472
137438969856
138512695296
138512711680
17592186044416
17592186060800
17593259786240
17593259802624
17729624997888
17729625014272
17730698739712
17730698756096
2251799813685248
2251799813701632
2251800887427072
2251800887443456
2251937252638720
2251937252655104
2251938326380544
2251938326396928
2269391999729664
2269391999746048
2269393073471488
2269393073487872
2269529438683136
2269529438699520
2269530512424960
2269530512441344
0
0
0
0
0
0
0
0
0
0
0
0
0
0
0
0
0
0
0
0
0
0
0
0
0
0
0
0
0
0
0
0
0
0
0
0
0
0
0
0
0
0
0
0
0
0
0
0
0
0
0
0
0
0
0
0
0
0
0
0
0
0
0
0
0
0
0
0
0
0
0
0
0
0
0
0
0
0
0
0
0
0
0
0
0
0
0
0
0
0
0
0
0
0
0
0
0
0
0
0
0
0
0
0
0
0
0
0
0
0
0
0
0
0
0
0
0
0
0
0
0
0
0
0
0
0
0
0
0
0
0
0
0
0
0
0
0
0
0
0
0
0
0
0
0
0
0
0
0
0
0
0
0
0
0
0
0
0
0
0
0
0
0
0
0
0
0
0
0
0
0
0
0
0
0
0
0
0
0
0
0
0
0
0
0
0
0
0
0
0
0
0
0
0
0
0
0
0
0
0
0
0
0
0
0
0
0
0
0
0
0
0
0
0
0
0
0
0
0
0
0
0
0
0
0
0
0
0
0
0
0
0
0
0
0
0
0
0
0
0
0
0
0
0
0
0
0
0
0
0
0
0
0
0
0
0
0
0
0
0
0
0
0
0
0
0
0
0
0
0
0
0
0
0
0
0
0
0
0
0
0
0
0
0
0
0
0
0
0
0
0
0
0
0
0
0
0
0
0
0
0
0
0
0
0
0
0
0
0
0
0
0
0
0
0
0
0
0
0
0
0
0
0
0
0
0
0
0
0
0
0
0
0
0
0
0
0
0
0
0
0
0
0
0
0
0
0
0
0
0
0
0
0
0
0
0
0
0
0
0
0
0
0
0
0
0
0
0
0
0
0
0
0
0
0
0
0
0
0
0
0
0
0
0
0
0
0
0
0
0
0
0
0
0
0
0
0
0
0
0
0
0
0
0
0
0
0
0
0
0
0
0
0
0
0
0
0
0
0
0
0
0
0
0
0
0
0
0
0
0
0
0
0
0
0
0
0
0
0
0
0
0
0
0
0
0
0
0
0
0
0
0
0
0
0
0
0
0
0
0
0
0
0
0
0
0
0
0
0
0
0
0
0
0
0
0
0
0
0
0
0
1024
131072
132096
8589934592
8589935616
8590065664
8590066688
4398046511104
4398046512128
4398046642176
4398046643200
4406636445696
4406636446720
4406636576768
4406636577792
2251799813685248
2251799813686272
2251799813816320
2251799813817344
2251808403619840
2251808403620864
2251808403750912
2251808403751936
2256197860196352
2256197860197376
2256197860327424
2256197860328448
2256206450130944
2256206450131968
2256206450262016
2256206450263040
0
0
0
0
0
0
0
0
0
0
0
0
0
0
0
0
0
0
0
0
0
0
0
0
0
0
0
0
0
0
0
0
0
0
0
0
0
0
0
0
0
0
0
0
0
0
0
0
0
0
0
0
0
0
0
0
0
0
0
0
0
0
0
0
0
0
0
0
0
0
0
0
0
0
0
0
0
0
0
0
0
0
0
0
0
0
0
0
0
0
0
0
0
0
0
0
0
0
0
0
0
0
0
0
0
0
0
0
0
0
0
0
0
0
0
0
0
0
0
0
0
0
0
0
0
0
0
0
0
0
0
0
0
0
0
0
0
0
0
0
0
0
0
0
0
0
0
0
0
0
0
0
0
0
0
0
0
0
0
0
0
0
0
0
0
0
0
0
0
0
0
0
0
0
0
0
0
0
0
0
0
0
0
0
0
0
0
0
0
0
0
0
0
0
0
0
0
0
0
0
0
0
0
0
0
0
0
0
0
0
0
0
0
0
0
0
0
0
0
0
0
0
0
0
0
0
0
0
0
0
0
0
0
0
0
0
0
0
0
0
0
0
0
0
0
0
0
0
0
0
0
0
0
0
0
0
0
0
0
0
0
0
0
0
0
0
0
0
0
0
0
0
0
0
0
0
0
0
0
0
0
0
0
0
0
0
0
0
0
0
0
0
0
0
0
0
0
0
0
0
0
0
0
0
0
0
0
0
0
0
0
0
0
0
0
0
0
0
0
0
0
0
0
0
0
0
0
0
0
0
0
0
0
0
0
0
0
0
0
0
0
0
0
0
0
0
0
0
0
0
0
0
0
0
0
0
0
0
0
0
0
0
0
0
0
0
0
0
0
0
0
0
0
0
0
0
0
0
0
0
0
0
0
0
0
0
0
0
0
0
0
0
0
0
0
0
0
0
0
0
0
0
0
0
0
0
0
0
0
0
0
0
0
0
0
0
0
0
0
0
0
0
0
0
0
0
0
0
0
0
0
0
0
0
0
0
0
0
0
0
0
0
0
0
0
0
0
0
0
0
0
0
0
0
0
0
0
0
0
0
0
0
0
0
0
0
0
0
0
0
0
0
0
0
0
0
0
0
0
0
0
2048
262144
264192
17179869184
17179871232
17180131328
17180133376
8796093022208
8796093024256
8796093284352
8796093286400
8813272891392
8813272893440
8813273153536
8813273155584
4503599627370496
4503599627372544
4503599627632640
4503599627634688
4503616807239680
4503616807241728
4503616807501824
4503616807503872
4512395720392704
4512395720394752
4512395720654848
4512395720656896
4512412900261888
4512412900263936
4512412900524032
4512412900526080
0
0
0
0
0
0
0
0
0
0
0
0
0
0
0
0
0
0
0
0
0
0
0
0
0
0
0
0
0
0
0
0
0
0
0
0
0
0
0
0
0
0
0
0
0
0
0
0
0
0
0
0
0
0
0
0
0
0
0
0
0
0
0
0
0
0
0
0
0
0
0
0
0
0
0
0
0
0
0
0
0
0
0
0
0
0
0
0
0
0
0
0
0
0
0
0
0
0
0
0
0
0
0
0
0
0
0
0
0
0
0
0
0
0
0
0
0
0
0
0
0
0
0
0
0
0
0
0
0
0
0
0
0
0
0
0
0
0
0
0
0
0
0
0
0
0
0
0
0
0
0
0
0
0
0
0
0
0
0
0
0
0
0
0
0
0
0
0
0
0
0
0
0
0
0
0
0
0
0
0
0
0
0
0
0
0
0
0
0
0
0
0
0
0
0
0
0
0
0
0
0
0
0
0
0
0
0
0
0
0
0
0
0
0
0
0
0
0
0
0
0
0
0
0
0
0
0
0
0
0
0
0
0
0
0
0
0
0
0
0
0
0
0
0
0
0
0
0
0
0
0
0
0
0
0
0
0
0
0
0
0
0
0
0
0
0
0
0
0
0
0
0
0
0
0
0
0
0
0
0
0
0
0
0
0
0
0
0
0
0
0
0
0
0
0
0
0
0
0
0
0
0
0
0
0
0
0
0
0
0
0
0
0
0
0
0
0
0
0
0
0
0
0
0
0
0
0
0
0
0
0
0
0
0
0
0
0
0
0
0
0
0
0
0
0
0
0
0
0
0
0
0
0
0
0
0
0
0
0
0
0
0
0
0
0
0
0
0
0
0
0
0
0
0
0
0
0
0
0
0
0
0
0
0
0
0
0
0
0
0
0
0
0
0
0
0
0
0
0
0
0
0
0
0
0
0
0
0
0
0
0
0
0
0
0
0
0
0
0
0
0
0
0
0
0
0
0
0
0
0
0
0
0
0
0
0
0
0
0
0
0
0
0
0
0
0
0
0
0
0
0
0
0
0
0
0
0
0
0
0
0
0
0
0
0
0
0
0
0
0
0
0
0
0
0
0
0
0
0
0
0
4096
131072
135168
524288
528384
655360
659456
8589934592
8589938688
8590065664
8590069760
8590458880
8590462976
8590589952
8590594048
34359738368
34359742464
34359869440
34359873536
34360262656
34360266752
34360393728
34360397824
42949672960
42949677056
42949804032
42949808128
42950197248
42950201344
42950328320
42950332416
17592186044416
17592186048512
17592186175488
17592186179584
17592186568704
17592186572800
17592186699776
17592186703872
17600775979008
17600775983104
17600776110080
17600776114176
17600776503296
17600776507392
17600776634368
17600776638464
17626545782784
17626545786880
17626545913856
17626545917952
17626546307072
17626546311168
17626546438144
17626546442240
17635135717376
17635135721472
17635135848448
17635135852544
17635136241664
17635136245760
17635136372736
17635136376832
9007199254740992
9007199254745088
9007199254872064
9007199254876160
9007199255265280
9007199255269376
9007199255396352
9007199255400448
9007207844675584
9007207844679680
9007207844806656
9007207844810752
9007207845199872
9007207845203968
9007207845330944
9007207845335040
9007233614479360
9007233614483456
9007233614610432
9007233614614528
9007233615003648
9007233615007744
9007233615134720
9007233615138816
9007242204413952
9007242204418048
9007242204545024
9007242204549120
9007242204938240
9007242204942336
9007242205069312
9007242205073408
9024791440785408
9024791440789504
9024791440916480
9024791440920576
9024791441309696
9024791441313792
9024791441440768
9024791441444864
9024800030720000
9024800030724096
9024800030851072
9024800030855168
9024800031244288
9024800031248384
9024800031375360
9024800031379456
9024825800523776
9024825800527872
9024825800654848
9024825800658944
9024825801048064
9024825801052160
9024825801179136
9024825801183232
9024834390458368
9024834390462464
9024834390589440
9024834390593536
9024834390982656
9024834390986752
9024834391113728
9024834391117824
0
0
0
0
0
0
0
0
0
0
0
0
0
0
0
0
0
0
0
0
0
0
0
0
0
0
0
0
0
0
0
0
0
0
0
0
0
0
0
0
0
0
0
0
0
0
0
0
0
0
0
0
0
0
0
0
0
0
0
0
0
0
0
0
0
0
0
0
0
0
0
0
0
0
0
0
0
0
0
0
0
0
0
0
0
0
0
0
0
0
0
0
0
0
0
0
0
0
0
0
0
0
0
0
0
0
0
0
0
0
0
0
0
0
0
0
0
0
0
0
0
0
0
0
0
0
0
0
0
0
0
0
0
0
0
0
0
0
0
0
0
0
0
0
0
0
0
0
0
0
0
0
0
0
0
0
0
0
0
0
0
0
0
0
0
0
0
0
0
0
0
0
0
0
0
0
0
0
0
0
0
0
0
0
0
0
0
0
0
0
0
0
0
0
0
0
0
0
0
0
0
0
0
0
0
0
0
0
0
0
0
0
0
0
0
0
0
0
0
0
0
0
0
0
0
0
0
0
0
0
0
0
0
0
0
0
0
0
0
0
0
0
0
0
0
0
0
0
0
0
0
0
0
0
0
0
0
0
0
0
0
0
0
0
0
0
0
0
0
0
0
0
0
0
0
0
0
0
0
0
0
0
0
0
0
0
0
0
0
0
0
0
0
0
0
0
0
0
0
0
0
0
0
0
0
0
0
0
0
0
0
0
0
0
0
0
0
0
0
0
0
0
0
0
0
0
0
0
0
0
0
0
0
0
0
0
0
0
0
0
0
0
0
0
0
0
0
0
0
0
0
0
0
0
0
0
0
0
0
0
0
0
0
0
0
0
0
0
0
0
0
0
0
0
0
0
0
0
0
0
0
0
0
0
0
512
8192
8704
262144
262656
270336
270848
1048576
1049088
1056768
1057280
1310720
1311232
1318912
1319424
17179869184
17179869696
17179877376
17179877888
17180131328
17180131840
17180139520
17180140032
17180917760
17180918272
17180925952
17180926464
17181179904
17181180416
17181188096
17181188608
68719476736
68719477248
68719484928
68719485440
68719738880
68719739392
68719747072
68719747584
68720525312
68720525824
68720533504
68720534016
68720787456
68720787968
68720795648
68720796160
85899345920
85899346432
85899354112
85899354624
85899608064
85899608576
85899616256
85899616768
85900394496
85900395008
85900402688
85900403200
85900656640
85900657152
85900664832
85900665344
2199023255552
2199023256064
2199023263744
2199023264256
2199023517696
2199023518208
2199023525888
2199023526400
2199024304128
2199024304640
2199024312320
2199024312832
2199024566272
2199024566784
2199024574464
2199024574976
2216203124736
2216203125248
2216203132928
2216203133440
2216203386880
2216203387392
2216203395072
2216203395584
2216204173312
2216204173824
2216204181504
2216204182016
2216204435456
2216204435968
2216204443648
2216204444160
2267742732288
2267742732800
2267742740480
2267742740992
2267742994432
2267742994944
2267743002624
2267743003136
2267743780864
2267743781376
2267743789056
2267743789568
2267744043008
2267744043520
2267744051200
2267744051712
2284922601472
2284922601984
2284922609664
2284922610176
2284922863616
2284922864128
2284922871808
2284922872320
2284923650048
2284923650560
2284923658240
2284923658752
2284923912192
2284923912704
2284923920384
2284923920896
35184372088832
35184372089344
35184372097024
35184372097536
35184372350976
35184372351488
35184372359168
35184372359680
35184373137408
35184373137920
35184373145600
35184373146112
35184373399552
35184373400064
35184373407744
35184373408256
35201551958016
35201551958528
35201551966208
35201551966720
35201552220160
35201552220672
35201552228352
35201552228864
35201553006592
35201553007104
35201553014784
35201553015296
35201553268736
35201553269248
35201553276928
35201553277440
35253091565568
35253091566080
35253091573760
35253091574272
35253091827712
35253091828224
35253091835904
35253091836416
35253092614144
35253092614656
35253092622336
35253092622848
35253092876288
35253092876800
35253092884480
35253092884992
35270271434752
35270271435264
35270271442944
35270271443456
35270271696896
35270271697408
35270271705088
35270271705600
35270272483328
35270272483840
35270272491520
35270272492032
35270272745472
35270272745984
35270272753664
35270272754176
37383395344384
37383395344896
37383395352576
37383395353088
37383395606528
37383395607040
37383395614720
37383395615232
37383396392960
37383396393472
37383396401152
37383396401664
37383396655104
37383396655616
37383396663296
37383396663808
37400575213568
37400575214080
37400575221760
37400575222272
37400575475712
37400575476224
37400575483904
37400575484416
37400576262144
37400576262656
37400576270336
37400576270848
37400576524288
37400576524800
37400576532480
37400576532992
37452114821120
37452114821632
37452114829312
37452114829824
37452115083264
37452115083776
37452115091456
37452115091968
37452115869696
37452115870208
37452115877888
37452115878400
37452116131840
37452116132352
37452116140032
37452116140544
37469294690304
37469294690816
37469294698496
37469294699008
37469294952448
37469294952960
37469294960640
37469294961152
37469295738880
37469295739392
37469295747072
37469295747584
37469296001024
37469296001536
37469296009216
37469296009728
18014398509481984
18014398509482496
18014398509490176
18014398509490688
18014398509744128
18014398509744640
18014398509752320
18014398509752832
18014398510530560
18014398510531072
18014398510538752
18014398510539264
18014398510792704
18014398510793216
18014398510800896
18014398510801408
18014415689351168
18014415689351680
18014415689359360
18014415689359872
18014415689613312
18014415689613824
18014415689621504
18014415689622016
18014415690399744
18014415690400256
18014415690407936
18014415690408448
18014415690661888
18014415690662400
18014415690670080
18014415690670592
18014467228958720
18014467228959232
18014467228966912
18014467228967424
18014467229220864
18014467229221376
18014467229229056
18014467229229568
18014467230007296
18014467230007808
18014467230015488
18014467230016000
18014467230269440
18014467230269952
18014467230277632
18014467230278144
18014484408827904
18014484408828416
18014484408836096
18014484408836608
18014484409090048
18014484409090560
18014484409098240
18014484409098752
18014484409876480
18014484409876992
18014484409884672
18014484409885184
18014484410138624
18014484410139136
18014484410146816
18014484410147328
18016597532737536
18016597532738048
18016597532745728
18016597532746240
18016597532999680
18016597533000192
18016597533007872
18016597533008384
18016597533786112
18016597533786624
18016597533794304
18016597533794816
18016597534048256
18016597534048768
18016597534056448
18016597534056960
18016614712606720
18016614712607232
18016614712614912
18016614712615424
18016614712868864
18016614712869376
18016614712877056
18016614712877568
18016614713655296
18016614713655808
18016614713663488
18016614713664000
18016614713917440
18016614713917952
18016614713925632
18016614713926144
18016666252214272
18016666252214784
18016666252222464
18016666252222976
18016666252476416
18016666252476928
18016666252484608
18016666252485120
18016666253262848
18016666253263360
18016666253271040
18016666253271552
18016666253524992
18016666253525504
18016666253533184
18016666253533696
18016683432083456
18016683432083968
18016683432091648
18016683432092160
18016683432345600
18016683432346112
18016683432353792
18016683432354304
18016683433132032
18016683433132544
18016683433140224
18016683433140736
18016683433394176
18016683433394688
18016683433402368
18016683433402880
18049582881570816
18049582881571328
18049582881579008
18049582881579520
18049582881832960
18049582881833472
18049582881841152
18049582881841664
18049582882619392
18049582882619904
18049582882627584
18049582882628096
18049582882881536
18049582882882048
18049582882889728
18049582882890240
18049600061440000
18049600061440512
18049600061448192
18049600061448704
18049600061702144
18049600061702656
18049600061710336
18049600061710848
18049600062488576
18049600062489088
18049600062496768
18049600062497280
18049600062750720
18049600062751232
18049600062758912
18049600062759424
18049651601047552
18049651601048064
18049651601055744
18049651601056256
18049651601309696
18049651601310208
18049651601317888
18049651601318400
18049651602096128
18049651602096640
18049651602104320
18049651602104832
18049651602358272
18049651602358784
18049651602366464
18049651602366976
18049668780916736
18049668780917248
18049668780924928
18049668780925440
18049668781178880
18049668781179392
18049668781187072
18049668781187584
18049668781965312
18049668781965824
18049668781973504
18049668781974016
18049668782227456
18049668782227968
18049668782235648
18049668782236160
18051781904826368
18051781904826880
18051781904834560
18051781904835072
18051781905088512
18051781905089024
18051781905096704
18051781905097216
18051781905874944
18051781905875456
18051781905883136
18051781905883648
18051781906137088
18051781906137600
18051781906145280
18051781906145792
18051799084695552
18051799084696064
18051799084703744
18051799084704256
18051799084957696
18051799084958208
18051799084965888
18051799084966400
18051799085744128
18051799085744640
18051799085752320
18051799085752832
18051799086006272
18051799086006784
18051799086014464
18051799086014976
18051850624303104
18051850624303616
18051850624311296
18051850624311808
18051850624565248
18051850624565760
18051850624573440
18051850624573952
18051850625351680
18051850625352192
18051850625359872
18051850625360384
18051850625613824
18051850625614336
18051850625622016
18051850625622528
18051867804172288
18051867804172800
18051867804180480
18051867804180992
18051867804434432
18051867804434944
18051867804442624
18051867804443136
18051867805220864
18051867805221376
18051867805229056
18051867805229568
18051867805483008
18051867805483520
18051867805491200
18051867805491712
0
1024
16384
17408
524288
525312
540672
541696
2097152
2098176
2113536
2114560
2621440
2622464
2637824
2638848
34359738368
34359739392
34359754752
34359755776
34360262656
34360263680
34360279040
34360280064
34361835520
34361836544
34361851904
34361852928
34362359808
34362360832
34362376192
34362377216
137438953472
137438954496
137438969856
137438970880
137439477760
137439478784
137439494144
137439495168
137441050624
137441051648
137441067008
137441068032
137441574912
137441575936
137441591296
137441592320
171798691840
171798692864
171798708224
171798709248
171799216128
171799217152
171799232512
171799233536
171800788992
171800790016
171800805376
171800806400
171801313280
171801314304
171801329664
171801330688
4398046511104
4398046512128
4398046527488
4398046528512
4398047035392
4398047036416
4398047051776
4398047052800
4398048608256
4398048609280
4398048624640
4398048625664
4398049132544
4398049133568
4398049148928
4398049149952
4432406249472
4432406250496
4432406265856
4432406266880
4432406773760
4432406774784
4432406790144
4432406791168
4432408346624
4432408347648
4432408363008
4432408364032
4432408870912
4432408871936
4432408887296
4432408888320
4535485464576
4535485465600
4535485480960
4535485481984
4535485988864
4535485989888
4535486005248
4535486006272
4535487561728
4535487562752
4535487578112
4535487579136
4535488086016
4535488087040
4535488102400
4535488103424
4569845202944
4569845203968
4569845219328
4569845220352
4569845727232
4569845728256
4569845743616
4569845744640
4569847300096
4569847301120
4569847316480
4569847317504
4569847824384
4569847825408
4569847840768
4569847841792
70368744177664
70368744178688
70368744194048
70368744195072
70368744701952
70368744702976
70368744718336
70368744719360
70368746274816
70368746275840
70368746291200
70368746292224
70368746799104
70368746800128
70368746815488
70368746816512
70403103916032
70403103917056
70403103932416
70403103933440
70403104440320
70403104441344
70403104456704
70403104457728
70403106013184
70403106014208
70403106029568
70403106030592
70403106537472
70403106538496
70403106553856
70403106554880
70506183131136
70506183132160
70506183147520
70506183148544
70506183655424
70506183656448
70506183671808
70506183672832
70506185228288
70506185229312
70506185244672
70506185245696
70506185752576
70506185753600
70506185768960
70506185769984
70540542869504
70540542870528
70540542885888
70540542886912
70540543393792
70540543394816
70540543410176
70540543411200
70540544966656
70540544967680
70540544983040
70540544984064
70540545490944
70540545491968
70540545507328
70540545508352
74766790688768
74766790689792
74766790705152
74766790706176
74766791213056
74766791214080
74766791229440
74766791230464
74766792785920
74766792786944
74766792802304
74766792803328
74766793310208
74766793311232
74766793326592
74766793327616
74801150427136
74801150428160
74801150443520
74801150444544
74801150951424
74801150952448
74801150967808
74801150968832
74801152524288
74801152525312
74801152540672
74801152541696
74801153048576
74801153049600
74801153064960
74801153065984
74904229642240
74904229643264
74904229658624
74904229659648
74904230166528
74904230167552
74904230182912
74904230183936
74904231739392
74904231740416
74904231755776
74904231756800
74904232263680
74904232264704
74904232280064
74904232281088
74938589380608
74938589381632
74938589396992
74938589398016
74938589904896
74938589905920
74938589921280
74938589922304
74938591477760
74938591478784
74938591494144
74938591495168
74938592002048
74938592003072
74938592018432
74938592019456
562949953421312
562949953422336
562949953437696
562949953438720
562949953945600
562949953946624
562949953961984
562949953963008
562949955518464
562949955519488
562949955534848
562949955535872
562949956042752
562949956043776
562949956059136
562949956060160
562984313159680
562984313160704
562984313176064
562984313177088
562984313683968
562984313684992
562984313700352
562984313701376
562984315256832
562984315257856
562984315273216
562984315274240
562984315781120
562984315782144
562984315797504
562984315798528
563087392374784
563087392375808
563087392391168
563087392392192
563087392899072
563087392900096
563087392915456
563087392916480
563087394471936
563087394472960
563087394488320
563087394489344
563087394996224
563087394997248
563087395012608
563087395013632
563121752113152
563121752114176
563121752129536
563121752130560
563121752637440
563121752638464
563121752653824
563121752654848
563121754210304
563121754211328
563121754226688
563121754227712
563121754734592
563121754735616
563121754750976
563121754752000
567347999932416
567347999933440
567347999948800
567347999949824
567348000456704
567348000457728
567348000473088
567348000474112
567348002029568
567348002030592
567348002045952
567348002046976
567348002553856
567348002554880
567348002570240
567348002571264
567382359670784
567382359671808
567382359687168
567382359688192
567382360195072
567382360196096
567382360211456
567382360212480
567382361767936
567382361768960
567382361784320
567382361785344
567382362292224
567382362293248
567382362308608
567382362309632
567485438885888
567485438886912
567485438902272
567485438903296
567485439410176
567485439411200
567485439426560
567485439427584
567485440983040
567485440984064
567485440999424
567485441000448
567485441507328
567485441508352
567485441523712
567485441524736
567519798624256
567519798625280
567519798640640
567519798641664
567519799148544
567519799149568
567519799164928
567519799165952
567519800721408
567519800722432
567519800737792
567519800738816
567519801245696
567519801246720
567519801262080
567519801263104
633318697598976
633318697600000
633318697615360
633318697616384
633318698123264
633318698124288
633318698139648
633318698140672
633318699696128
633318699697152
633318699712512
633318699713536
633318700220416
633318700221440
633318700236800
633318700237824
633353057337344
633353057338368
633353057353728
633353057354752
633353057861632
633353057862656
633353057878016
633353057879040
633353059434496
633353059435520
633353059450880
633353059451904
633353059958784
633353059959808
633353059975168
633353059976192
633456136552448
633456136553472
633456136568832
633456136569856
633456137076736
633456137077760
633456137093120
633456137094144
633456138649600
633456138650624
633456138665984
633456138667008
633456139173888
633456139174912
633456139190272
633456139191296
633490496290816
633490496291840
633490496307200
633490496308224
633490496815104
633490496816128
633490496831488
633490496832512
633490498387968
633490498388992
633490498404352
633490498405376
633490498912256
633490498913280
633490498928640
633490498929664
637716744110080
637716744111104
637716744126464
637716744127488
637716744634368
637716744635392
637716744650752
637716744651776
637716746207232
637716746208256
637716746223616
637716746224640
637716746731520
637716746732544
637716746747904
637716746748928
637751103848448
637751103849472
637751103864832
637751103865856
637751104372736
637751104373760
637751104389120
637751104390144
637751105945600
637751105946624
637751105961984
637751105963008
637751106469888
637751106470912
637751106486272
637751106487296
637854183063552
637854183064576
637854183079936
637854183080960
637854183587840
637854183588864
637854183604224
637854183605248
637854185160704
637854185161728
637854185177088
637854185178112
637854185684992
637854185686016
637854185701376
637854185702400
637888542801920
637888542802944
637888542818304
637888542819328
637888543326208
637888543327232
637888543342592
637888543343616
637888544899072
637888544900096
637888544915456
637888544916480
637888545423360
637888545424384
637888545439744
637888545440768
0
2048
1048576
1050624
4194304
4196352
5242880
5244928
68719476736
68719478784
68720525312
68720527360
68723671040
68723673088
68724719616
68724721664
274877906944
274877908992
274878955520
274878957568
274882101248
274882103296
274883149824
274883151872
343597383680
343597385728
343598432256
343598434304
343601577984
343601580032
343602626560
343602628608
8796093022208
8796093024256
8796094070784
8796094072832
8796097216512
8796097218560
8796098265088
8796098267136
8864812498944
8864812500992
8864813547520
8864813549568
8864816693248
8864816695296
8864817741824
8864817743872
9070970929152
9070970931200
9070971977728
9070971979776
9070975123456
9070975125504
9070976172032
9070976174080
9139690405888
9139690407936
9139691454464
9139691456512
9139694600192
9139694602240
9139695648768
9139695650816
1125899906842624
1125899906844672
1125899907891200
1125899907893248
1125899911036928
1125899911038976
1125899912085504
1125899912087552
1125968626319360
1125968626321408
1125968627367936
1125968627369984
1125968630513664
1125968630515712
1125968631562240
1125968631564288
1126174784749568
1126174784751616
1126174785798144
1126174785800192
1126174788943872
1126174788945920
1126174789992448
1126174789994496
1126243504226304
1126243504228352
1126243505274880
1126243505276928
1126243508420608
1126243508422656
1126243509469184
1126243509471232
1134695999864832
1134695999866880
1134696000913408
1134696000915456
1134696004059136
1134696004061184
1134696005107712
1134696005109760
1134764719341568
1134764719343616
1134764720390144
1134764720392192
1134764723535872
1134764723537920
1134764724584448
1134764724586496
1134970877771776
1134970877773824
1134970878820352
1134970878822400
1134970881966080
1134970881968128
1134970883014656
1134970883016704
1135039597248512
1135039597250560
1135039598297088
1135039598299136
1135039601442816
1135039601444864
1135039602491392
1135039602493440
0
0
0
0
0
0
0
0
0
0
0
0
0
0
0
0
0
0
0
0
0
0
0
0
0
0
0
0
0
0
0
0
0
0
0
0
0
0
0
0
0
0
0
0
0
0
0
0
0
0
0
0
0
0
0
0
0
0
0
0
0
0
0
0
0
0
0
0
0
0
0
0
0
0
0
0
0
0
0
0
0
0
0
0
0
0
0
0
0
0
0
0
0
0
0
0
0
0
0
0
0
0
0
0
0
0
0
0
0
0
0
0
0
0
0
0
0
0
0
0
0
0
0
0
0
0
0
0
0
0
0
0
0
0
0
0
0
0
0
0
0
0
0
0
0
0
0
0
0
0
0
0
0
0
0
0
0
0
0
0
0
0
0
0
0
0
0
0
0
0
0
0
0
0
0
0
0
0
0
0
0
0
0
0
0
0
0
0
0
0
0
0
0
0
0
0
0
0
0
0
0
0
0
0
0
0
0
0
0
0
0
0
0
0
0
0
0
0
0
0
0
0
0
0
0
0
0
0
0
0
0
0
0
0
0
0
0
0
0
0
0
0
0
0
0
0
0
0
0
0
0
0
0
0
0
0
0
0
0
0
0
0
0
0
0
0
0
0
0
0
0
0
0
0
0
0
0
0
0
0
0
0
0
0
0
0
0
0
0
0
0
0
0
0
0
0
0
0
0
0
0
0
0
0
0
0
0
0
0
0
0
0
0
0
0
0
0
0
0
0
0
0
0
0
0
0
0
0
0
0
0
0
0
0
0
0
0
0
0
0
0
0
0
0
0
0
0
0
0
0
0
0
0
0
0
0
0
0
0
0
0
0
0
0
0
0
0
0
0
0
0
0
0
0
0
0
0
0
0
0
0
0
0
0
0
4096
2097152
2101248
137438953472
137438957568
137441050624
137441054720
17592186044416
17592186048512
17592188141568
17592188145664
17729624997888
17729625001984
17729627095040
17729627099136
2251799813685248
2251799813689344
2251799815782400
2251799815786496
2251937252638720
2251937252642816
2251937254735872
2251937254739968
2269391999729664
2269391999733760
2269392001826816
2269392001830912
2269529438683136
2269529438687232
2269529440780288
2269529440784384
0
0
0
0
0
0
0
0
0
0
0
0
0
0
0
0
0
0
0
0
0
0
0
0
0
0
0
0
0
0
0
0
0
0
0
0
0
0
0
0
0
0
0
0
0
0
0
0
0
0
0
0
0
0
0
0
0
0
0
0
0
0
0
0
0
0
0
0
0
0
0
0
0
0
0
0
0
0
0
0
0
0
0
0
0
0
0
0
0
0
0
0
0
0
0
0
0
0
0
0
0
0
0
0
0
0
0
0
0
0
0
0
0
0
0
0
0
0
0
0
0
0
0
0
0
0
0
0
0
0
0
0
0
0
0
0
0
0
0
0
0
0
0
0
0
0
0
0
0
0
0
0
0
0
0
0
0
0
0
0
0
0
0
0
0
0
0
0
0
0
0
0
0
0
0
0
0
0
0
0
0
0
0
0
0
0
0
0
0
0
0
0
0
0
0
0
0
0
0
0
0
0
0
0
0
0
0
0
0
0
0
0
0
0
0
0
0
0
0
0
0
0
0
0
0
0
0
0
0
0
0
0
0
0
0
0
0
0
0
0
0
0
0
0
0
0
0
0
0
0
0
0
0
0
0
0
0
0
0
0
0
0
0
0
0
0
0
0
0
0
0
0
0
0
0
0
0
0
0
0
0
0
0
0
0
0
0
0
0
0
0
0
0
0
0
0
0
0
0
0
0
0
0
0
0
0
0
0
0
0
0
0
0
0
0
0
0
0
0
0
0
0
0
0
0
0
0
0
0
0
0
0
0
0
0
0
0
0
0
0
0
0
0
0
0
0
0
0
0
0
0
0
0
0
0
0
0
0
0
0
0
0
0
0
0
0
0
0
0
0
0
0
0
0
0
0
0
0
0
0
0
0
0
0
0
0
0
0
0
0
0
0
0
0
0
0
0
0
0
0
0
0
0
0
0
0
0
0
0
0
0
0
0
0
0
0
0
0
0
0
0
0
0
0
0
0
0
0
0
0
0
0
0
0
0
0
0
0
0
0
0
0
0
0
0
0
0
0
0
0
0
0
0
0
0
0
0
0
0
0
0
0
0
0
0
0
0
0
0
0
0
0
0
0
0
0
0
0
0
0
0
8192
4194304
4202496
274877906944
274877915136
274882101248
274882109440
35184372088832
35184372097024
35184376283136
35184376291328
35459249995776
35459250003968
35459254190080
35459254198272
4503599627370496
4503599627378688
4503599631564800
4503599631572992
4503874505277440
4503874505285632
4503874509471744
4503874509479936
4538783999459328
4538783999467520
4538784003653632
4538784003661824
4539058877366272
4539058877374464
4539058881560576
4539058881568768
0
0
0
0
0
0
0
0
0
0
0
0
0
0
0
0
0
0
0
0
0
0
0
0
0
0
0
0
0
0
0
0
0
0
0
0
0
0
0
0
0
0
0
0
0
0
0
0
0
0
0
0
0
0
0
0
0
0
0
0
0
0
0
0
0
0
0
0
0
0
0
0
0
0
0
0
0
0
0
0
0
0
0
0
0
0
0
0
0
0
0
0
0
0
0
0
0
0
0
0
0
0
0
0
0
0
0
0
0
0
0
0
0
0
0
0
0
0
0
0
0
0
0
0
0
0
0
0
0
0
0
0
0
0
0
0
0
0
0
0
0
0
0
0
0
0
0
0
0
0
0
0
0
0
0
0
0
0
0
0
0
0
0
0
0
0
0
0
0
0
0
0
0
0
0
0
0
0
0
0
0
0
0
0
0
0
0
0
0
0
0
0
0
0
0
0
0
0
0
0
0
0
0
0
0
0
0
0
0
0
0
0
0
0
0
0
0
0
0
0
0
0
0
0
0
0
0
0
0
0
0
0
0
0
0
0
0
0
0
0
0
0
0
0
0
0
0
0
0
0
0
0
0
0
0
0
0
0
0
0
0
0
0
0
0
0
0
0
0
0
0
0
0
0
0
0
0
0
0
0
0
0
0
0
0
0
0
0
0
0
0
0
0
0
0
0
0
0
0
0
0
0
0
0
0
0
0
0
0
0
0
0
0
0
0
0
0
0
0
0
0
0
0
0
0
0
0
0
0
0
0
0
0
0
0
0
0
0
0
0
0
0
0
0
0
0
0
0
0
0
0
0
0
0
0
0
0
0
0
0
0
0
0
0
0
0
0
0
0
0
0
0
0
0
0
0
0
0
0
0
0
0
0
0
0
0
0
0
0
0
0
0
0
0
0
0
0
0
0
0
0
0
0
0
0
0
0
0
0
0
0
0
0
0
0
0
0
0
0
0
0
0
0
0
0
0
0
0
0
0
0
0
0
0
0
0
0
0
0
0
0
0
0
0
0
0
0
0
0
0
0
0
0
0
0
0
0
0
0
0
0
0
0
0
0
0
0
0
0
0
0
0
0
0
0
0
0
0
0
0
0
2048
262144
264192
33554432
33556480
33816576
33818624
2199023255552
2199023257600
2199023517696
2199023519744
2199056809984
2199056812032
2199057072128
2199057074176
1125899906842624
1125899906844672
1125899907104768
1125899907106816
1125899940397056
1125899940399104
1125899940659200
1125899940661248
1128098930098176
1128098930100224
1128098930360320
1128098930362368
1128098963652608
1128098963654656
1128098963914752
1128098963916800
0
0
0
0
0
0
0
0
0
0
0
0
0
0
0
0
0
0
0
0
0
0
0
0
0
0
0
0
0
0
0
0
0
0
0
0
0
0
0
0
0
0
0
0
0
0
0
0
0
0
0
0
0
0
0
0
0
0
0
0
0
0
0
0
0
0
0
0
0
0
0
0
0
0
0
0
0
0
0
0
0
0
0
0
0
0
0
0
0
0
0
0
0
0
0
0
0
0
0
0
0
0
0
0
0
0
0
0
0
0
0
0
0
0
0
0
0
0
0
0
0
0
0
0
0
0
0
0
0
0
0
0
0
0
0
0
0
0
0
0
0
0
0
0
0
0
0
0
0
0
0
0
0
0
0
0
0
0
0
0
0
0
0
0
0
0
0
0
0
0
0
0
0
0
0
0
0
0
0
0
0
0
0
0
0
0
0
0
0
0
0
0
0
0
0
0
0
0
0
0
0
0
0
0
0
0
0
0
0
0
0
0
0
0
0
0
0
0
0
0
0
0
0
0
0
0
0
0
0
0
0
0
0
0
0
0
0
0
0
0
0
0
0
0
0
0
0
0
0
0
0
0
0
0
0
0
0
0
0
0
0
0
0
0
0
0
0
0
0
0
0
0
0
0
0
0
0
0
0
0
0
0
0
0
0
0
0
0
0
0
0
0
0
0
0
0
0
0
0
0
0
0
0
0
0
0
0
0
0
0
0
0
0
0
0
0
0
0
0
0
0
0
0
0
0
0
0
0
0
0
0
0
0
0
0
0
0
0
0
0
0
0
0
0
0
0
0
0
0
0
0
0
0
0
0
0
0
0
0
0
0
0
0
0
0
0
0
0
0
0
0
0
0
0
0
0
0
0
0
0
0
0
0
0
0
0
0
0
0
0
0
0
0
0
0
0
0
0
0
0
0
0
0
0
0
0
0
0
0
0
0
0
0
0
0
0
0
0
0
0
0
0
0
0
0
0
0
0
0
0
0
0
0
0
0
0
0
0
0
0
0
0
0
0
0
0
0
0
0
0
0
0
0
0
0
0
0
0
0
0
0
0
0
0
0
0
0
0
0
0
0
0
0
0
0
0
0
0
0
0
0
4096
524288
528384
67108864
67112960
67633152
67637248
4398046511104
4398046515200
4398047035392
4398047039488
4398113619968
4398113624064
4398114144256
4398114148352
2251799813685248
2251799813689344
2251799814209536
2251799814213632
2251799880794112
2251799880798208
2251799881318400
2251799881322496
2256197860196352
2256197860200448
2256197860720640
2256197860724736
2256197927305216
2256197927309312
2256197927829504
2256197927833600
0
0
0
0
0
0
0
0
0
0
0
0
0
0
0
0
0
0
0
0
0
0
0
0
0
0
0
0
0
0
0
0
0
0
0
0
0
0
0
0
0
0
0
0
0
0
0
0
0
0
0
0
0
0
0
0
0
0
0
0
0
0
0
0
0
0
0
0
0
0
0
0
0
0
0
0
0
0
0
0
0
0
0
0
0
0
0
0
0
0
0
0
0
0
0
0
0
0
0
0
0
0
0
0
0
0
0
0
0
0
0
0
0
0
0
0
0
0
0
0
0
0
0
0
0
0
0
0
0
0
0
0
0
0
0
0
0
0
0
0
0
0
0
0
0
0
0
0
0
0
0
0
0
0
0
0
0
0
0
0
0
0
0
0
0
0
0
0
0
0
0
0
0
0
0
0
0
0
0
0
0
0
0
0
0
0
0
0
0
0
0
0
0
0
0
0
0
0
0
0
0
0
0
0
0
0
0
0
0
0
0
0
0
0
0
0
0
0
0
0
0
0
0
0
0
0
0
0
0
0
0
0
0
0
0
0
0
0
0
0
0
0
0
0
0
0
0
0
0
0
0
0
0
0
0
0
0
0
0
0
0
0
0
0
0
0
0
0
0
0
0
0
0
0
0
0
0
0
0
0
0
0
0
0
0
0
0
0
0
0
0
0
0
0
0
0
0
0
0
0
0
0
0
0
0
0
0
0
0
0
0
0
0
0
0
0
0
0
0
0
0
0
0
0
0
0
0
0
0
0
0
0
0
0
0
0
0
0
0
0
0
0
0
0
0
0
0
0
0
0
0
0
0
0
0
0
0
0
0
0
0
0
0
0
0
0
0
0
0
0
0
0
0
0
0
0
0
0
0
0
0
0
0
0
0
0
0
0
0
0
0
0
0
0
0
0
0
0
0
0
0
0
0
0
0
0
0
0
0
0
0
0
0
0
0
0
0
0
0
0
0
0
0
0
0
0
0
0
0
0
0
0
0
0
0
0
0
0
0
0
0
0
0
0
0
0
0
0
0
0
0
0
0
0
0
0
0
0
0
0
0
0
0
0
0
0
0
0
0
0
0
0
0
0
0
0
0
0
0
0
0
8192
1048576
1056768
33554432
33562624
34603008
34611200
134217728
134225920
135266304
135274496
167772160
167780352
168820736
168828928
2199023255552
2199023263744
2199024304128
2199024312320
2199056809984
2199056818176
2199057858560
2199057866752
2199157473280
2199157481472
2199158521856
2199158530048
2199191027712
2199191035904
2199192076288
2199192084480
8796093022208
8796093030400
8796094070784
8796094078976
8796126576640
8796126584832
8796127625216
8796127633408
8796227239936
8796227248128
8796228288512
8796228296704
8796260794368
8796260802560
8796261842944
8796261851136
10995116277760
10995116285952
10995117326336
10995117334528
10995149832192
10995149840384
10995150880768
10995150888960
10995250495488
10995250503680
10995251544064
10995251552256
10995284049920
10995284058112
10995285098496
10995285106688
4503599627370496
4503599627378688
4503599628419072
4503599628427264
4503599660924928
4503599660933120
4503599661973504
4503599661981696
4503599761588224
4503599761596416
4503599762636800
4503599762644992
4503599795142656
4503599795150848
4503599796191232
4503599796199424
4505798650626048
4505798650634240
4505798651674624
4505798651682816
4505798684180480
4505798684188672
4505798685229056
4505798685237248
4505798784843776
4505798784851968
4505798785892352
4505798785900544
4505798818398208
4505798818406400
4505798819446784
4505798819454976
4512395720392704
4512395720400896
4512395721441280
4512395721449472
4512395753947136
4512395753955328
4512395754995712
4512395755003904
4512395854610432
4512395854618624
4512395855659008
4512395855667200
4512395888164864
4512395888173056
4512395889213440
4512395889221632
4514594743648256
4514594743656448
4514594744696832
4514594744705024
4514594777202688
4514594777210880
4514594778251264
4514594778259456
4514594877865984
4514594877874176
4514594878914560
4514594878922752
4514594911420416
4514594911428608
4514594912468992
4514594912477184
0
0
0
0
0
0
0
0
0
0
0
0
0
0
0
0
0
0
0
0
0
0
0
0
0
0
0
0
0
0
0
0
0
0
0
0
0
0
0
0
0
0
0
0
0
0
0
0
0
0
0
0
0
0
0
0
0
0
0
0
0
0
0
0
0
0
0
0
0
0
0
0
0
0
0
0
0
0
0
0
0
0
0
0
0
0
0
0
0
0
0
0
0
0
0
0
0
0
0
0
0
0
0
0
0
0
0
0
0
0
0
0
0
0
0
0
0
0
0
0
0
0
0
0
0
0
0
0
0
0
0
0
0
0
0
0
0
0
0
0
0
0
0
0
0
0
0
0
0
0
0
0
0
0
0
0
0
0
0
0
0
0
0
0
0
0
0
0
0
0
0
0
0
0
0
0
0
0
0
0
0
0
0
0
0
0
0
0
0
0
0
0
0
0
0
0
0
0
0
0
0
0
0
0
0
0
0
0
0
0
0
0
0
0
0
0
0
0
0
0
0
0
0
0
0
0
0
0
0
0
0
0
0
0
0
0
0
0
0
0
0
0
0
0
0
0
0
0
0
0
0
0
0
0
0
0
0
0
0
0
0
0
0
0
0
0
0
0
0
0
0
0
0
0
0
0
0
0
0
0
0
0
0
0
0
0
0
0
0
0
0
0
0
0
0
0
0
0
0
0
0
0
0
0
0
0
0
0
0
0
0
0
0
0
0
0
0
0
0
0
0
0
0
0
0
0
0
0
0
0
0
0
0
0
0
0
0
0
0
0
0
0
0
0
0
0
0
0
0
0
0
0
0
0
0
0
0
0
0
0
0
0
0
0
0
0
0
0
0
0
0
0
0
0
0
0
0
0
0
0
0
0
0
0
0
16384
131072
147456
2097152
2113536
2228224
2244608
67108864
67125248
67239936
67256320
69206016
69222400
69337088
69353472
268435456
268451840
268566528
268582912
270532608
270548992
270663680
270680064
335544320
335560704
335675392
335691776
337641472
337657856
337772544
337788928
4398046511104
4398046527488
4398046642176
4398046658560
4398048608256
4398048624640
4398048739328
4398048755712
4398113619968
4398113636352
4398113751040
4398113767424
4398115717120
4398115733504
4398115848192
4398115864576
4398314946560
4398314962944
4398315077632
4398315094016
4398317043712
4398317060096
4398317174784
4398317191168
4398382055424
4398382071808
4398382186496
4398382202880
4398384152576
4398384168960
4398384283648
4398384300032
17592186044416
17592186060800
17592186175488
17592186191872
17592188141568
17592188157952
17592188272640
17592188289024
17592253153280
17592253169664
17592253284352
17592253300736
17592255250432
17592255266816
17592255381504
17592255397888
17592454479872
17592454496256
17592454610944
17592454627328
17592456577024
17592456593408
17592456708096
17592456724480
17592521588736
17592521605120
17592521719808
17592521736192
17592523685888
17592523702272
17592523816960
17592523833344
21990232555520
21990232571904
21990232686592
21990232702976
21990234652672
21990234669056
21990234783744
21990234800128
21990299664384
21990299680768
21990299795456
21990299811840
21990301761536
21990301777920
21990301892608
21990301908992
21990500990976
21990501007360
21990501122048
21990501138432
21990503088128
21990503104512
21990503219200
21990503235584
21990568099840
21990568116224
21990568230912
21990568247296
21990570196992
21990570213376
21990570328064
21990570344448
562949953421312
562949953437696
562949953552384
562949953568768
562949955518464
562949955534848
562949955649536
562949955665920
562950020530176
562950020546560
562950020661248
562950020677632
562950022627328
562950022643712
562950022758400
562950022774784
562950221856768
562950221873152
562950221987840
562950222004224
562950223953920
562950223970304
562950224084992
562950224101376
562950288965632
562950288982016
562950289096704
562950289113088
562950291062784
562950291079168
562950291193856
562950291210240
567347999932416
567347999948800
567348000063488
567348000079872
567348002029568
567348002045952
567348002160640
567348002177024
567348067041280
567348067057664
567348067172352
567348067188736
567348069138432
567348069154816
567348069269504
567348069285888
567348268367872
567348268384256
567348268498944
567348268515328
567348270465024
567348270481408
567348270596096
567348270612480
567348335476736
567348335493120
567348335607808
567348335624192
567348337573888
567348337590272
567348337704960
567348337721344
580542139465728
580542139482112
580542139596800
580542139613184
580542141562880
580542141579264
580542141693952
580542141710336
580542206574592
580542206590976
580542206705664
580542206722048
580542208671744
580542208688128
580542208802816
580542208819200
580542407901184
580542407917568
580542408032256
580542408048640
580542409998336
580542410014720
580542410129408
580542410145792
580542475010048
580542475026432
580542475141120
580542475157504
580542477107200
580542477123584
580542477238272
580542477254656
584940185976832
584940185993216
584940186107904
584940186124288
584940188073984
584940188090368
584940188205056
584940188221440
584940253085696
584940253102080
584940253216768
584940253233152
584940255182848
584940255199232
584940255313920
584940255330304
584940454412288
584940454428672
584940454543360
584940454559744
584940456509440
584940456525824
584940456640512
584940456656896
584940521521152
584940521537536
584940521652224
584940521668608
584940523618304
584940523634688
584940523749376
584940523765760
9007199254740992
9007199254757376
9007199254872064
9007199254888448
9007199256838144
9007199256854528
9007199256969216
9007199256985600
9007199321849856
9007199321866240
9007199321980928
9007199321997312
9007199323947008
9007199323963392
9007199324078080
9007199324094464
9007199523176448
9007199523192832
9007199523307520
9007199523323904
9007199525273600
9007199525289984
9007199525404672
9007199525421056
9007199590285312
9007199590301696
9007199590416384
9007199590432768
9007199592382464
9007199592398848
9007199592513536
9007199592529920
9011597301252096
9011597301268480
9011597301383168
9011597301399552
9011597303349248
9011597303365632
9011597303480320
9011597303496704
9011597368360960
9011597368377344
9011597368492032
9011597368508416
9011597370458112
9011597370474496
9011597370589184
9011597370605568
9011597569687552
9011597569703936
9011597569818624
9011597569835008
9011597571784704
9011597571801088
9011597571915776
9011597571932160
9011597636796416
9011597636812800
9011597636927488
9011597636943872
9011597638893568
9011597638909952
9011597639024640
9011597639041024
9024791440785408
9024791440801792
9024791440916480
9024791440932864
9024791442882560
9024791442898944
9024791443013632
9024791443030016
9024791507894272
9024791507910656
9024791508025344
9024791508041728
9024791509991424
9024791510007808
9024791510122496
9024791510138880
9024791709220864
9024791709237248
9024791709351936
9024791709368320
9024791711318016
9024791711334400
9024791711449088
9024791711465472
9024791776329728
9024791776346112
9024791776460800
9024791776477184
9024791778426880
9024791778443264
9024791778557952
9024791778574336
9029189487296512
9029189487312896
9029189487427584
9029189487443968
9029189489393664
9029189489410048
9029189489524736
9029189489541120
9029189554405376
9029189554421760
9029189554536448
9029189554552832
9029189556502528
9029189556518912
9029189556633600
9029189556649984
9029189755731968
9029189755748352
9029189755863040
9029189755879424
9029189757829120
9029189757845504
9029189757960192
9029189757976576
9029189822840832
9029189822857216
9029189822971904
9029189822988288
9029189824937984
9029189824954368
9029189825069056
9029189825085440
9570149208162304
9570149208178688
9570149208293376
9570149208309760
9570149210259456
9570149210275840
9570149210390528
9570149210406912
9570149275271168
9570149275287552
9570149275402240
9570149275418624
9570149277368320
9570149277384704
9570149277499392
9570149277515776
9570149476597760
9570149476614144
9570149476728832
9570149476745216
9570149478694912
9570149478711296
9570149478825984
9570149478842368
9570149543706624
9570149543723008
9570149543837696
9570149543854080
9570149545803776
9570149545820160
9570149545934848
9570149545951232
9574547254673408
9574547254689792
9574547254804480
9574547254820864
9574547256770560
9574547256786944
9574547256901632
9574547256918016
9574547321782272
9574547321798656
9574547321913344
9574547321929728
9574547323879424
9574547323895808
9574547324010496
9574547324026880
9574547523108864
9574547523125248
9574547523239936
9574547523256320
9574547525206016
9574547525222400
9574547525337088
9574547525353472
9574547590217728
9574547590234112
9574547590348800
9574547590365184
9574547592314880
9574547592331264
9574547592445952
9574547592462336
9587741394206720
9587741394223104
9587741394337792
9587741394354176
9587741396303872
9587741396320256
9587741396434944
9587741396451328
9587741461315584
9587741461331968
9587741461446656
9587741461463040
9587741463412736
9587741463429120
9587741463543808
9587741463560192
9587741662642176
9587741662658560
9587741662773248
9587741662789632
9587741664739328
9587741664755712
9587741664870400
9587741664886784
9587741729751040
9587741729767424
9587741729882112
9587741729898496
9587741731848192
9587741731864576
9587741731979264
9587741731995648
9592139440717824
9592139440734208
9592139440848896
9592139440865280
9592139442814976
9592139442831360
9592139442946048
9592139442962432
9592139507826688
9592139507843072
9592139507957760
9592139507974144
9592139509923840
9592139509940224
9592139510054912
9592139510071296
9592139709153280
9592139709169664
9592139709284352
9592139709300736
9592139711250432
9592139711266816
9592139711381504
9592139711397888
9592139776262144
9592139776278528
9592139776393216
9592139776409600
9592139778359296
9592139778375680
9592139778490368
9592139778506752
0
512
262144
262656
4194304
4194816
4456448
4456960
134217728
134218240
134479872
134480384
138412032
138412544
138674176
138674688
536870912
536871424
537133056
537133568
541065216
541065728
541327360
541327872
671088640
671089152
671350784
671351296
675282944
675283456
675545088
675545600
8796093022208
8796093022720
8796093284352
8796093284864
8796097216512
8796097217024
8796097478656
8796097479168
8796227239936
8796227240448
8796227502080
8796227502592
8796231434240
8796231434752
8796231696384
8796231696896
8796629893120
8796629893632
8796630155264
8796630155776
8796634087424
8796634087936
8796634349568
8796634350080
8796764110848
8796764111360
8796764372992
8796764373504
8796768305152
8796768305664
8796768567296
8796768567808
35184372088832
35184372089344
35184372350976
35184372351488
35184376283136
35184376283648
35184376545280
35184376545792
35184506306560
35184506307072
35184506568704
35184506569216
35184510500864
35184510501376
35184510763008
35184510763520
35184908959744
35184908960256
35184909221888
35184909222400
35184913154048
35184913154560
35184913416192
35184913416704
35185043177472
35185043177984
35185043439616
35185043440128
35185047371776
35185047372288
35185047633920
35185047634432
43980465111040
43980465111552
43980465373184
43980465373696
43980469305344
43980469305856
43980469567488
43980469568000
43980599328768
43980599329280
43980599590912
43980599591424
43980603523072
43980603523584
43980603785216
43980603785728
43981001981952
43981001982464
43981002244096
43981002244608
43981006176256
43981006176768
43981006438400
43981006438912
43981136199680
43981136200192
43981136461824
43981136462336
43981140393984
43981140394496
43981140656128
43981140656640
1125899906842624
1125899906843136
1125899907104768
1125899907105280
1125899911036928
1125899911037440
1125899911299072
1125899911299584
1125900041060352
1125900041060864
1125900041322496
1125900041323008
1125900045254656
1125900045255168
1125900045516800
1125900045517312
1125900443713536
1125900443714048
1125900443975680
1125900443976192
1125900447907840
1125900447908352
1125900448169984
1125900448170496
1125900577931264
1125900577931776
1125900578193408
1125900578193920
1125900582125568
1125900582126080
1125900582387712
1125900582388224
1134695999864832
1134695999865344
1134696000126976
1134696000127488
1134696004059136
1134696004059648
1134696004321280
1134696004321792
1134696134082560
1134696134083072
1134696134344704
1134696134345216
1134696138276864
1134696138277376
1134696138539008
1134696138539520
1134696536735744
1134696536736256
1134696536997888
1134696536998400
1134696540930048
1134696540930560
1134696541192192
1134696541192704
1134696670953472
1134696670953984
1134696671215616
1134696671216128
1134696675147776
1134696675148288
1134696675409920
1134696675410432
1161084278931456
1161084278931968
1161084279193600
1161084279194112
1161084283125760
1161084283126272
1161084283387904
1161084283388416
1161084413149184
1161084413149696
1161084413411328
1161084413411840
1161084417343488
1161084417344000
1161084417605632
1161084417606144
1161084815802368
1161084815802880
1161084816064512
1161084816065024
1161084819996672
1161084819997184
1161084820258816
1161084820259328
1161084950020096
1161084950020608
1161084950282240
1161084950282752
1161084954214400
1161084954214912
1161084954476544
1161084954477056
1169880371953664
1169880371954176
1169880372215808
1169880372216320
1169880376147968
1169880376148480
1169880376410112
1169880376410624
1169880506171392
1169880506171904
1169880506433536
1169880506434048
1169880510365696
1169880510366208
1169880510627840
1169880510628352
1169880908824576
1169880908825088
1169880909086720
1169880909087232
1169880913018880
1169880913019392
1169880913281024
1169880913281536
1169881043042304
1169881043042816
1169881043304448
1169881043304960
1169881047236608
1169881047237120
1169881047498752
1169881047499264
18014398509481984
18014398509482496
18014398509744128
18014398509744640
18014398513676288
18014398513676800
18014398513938432
18014398513938944
18014398643699712
18014398643700224
18014398643961856
18014398643962368
18014398647894016
18014398647894528
18014398648156160
18014398648156672
18014399046352896
18014399046353408
18014399046615040
18014399046615552
18014399050547200
18014399050547712
18014399050809344
18014399050809856
18014399180570624
18014399180571136
18014399180832768
18014399180833280
18014399184764928
18014399184765440
18014399185027072
18014399185027584
18023194602504192
18023194602504704
18023194602766336
18023194602766848
18023194606698496
18023194606699008
18023194606960640
18023194606961152
18023194736721920
18023194736722432
18023194736984064
18023194736984576
18023194740916224
18023194740916736
18023194741178368
18023194741178880
18023195139375104
18023195139375616
18023195139637248
18023195139637760
18023195143569408
18023195143569920
18023195143831552
18023195143832064
18023195273592832
18023195273593344
18023195273854976
18023195273855488
18023195277787136
18023195277787648
18023195278049280
18023195278049792
18049582881570816
18049582881571328
18049582881832960
18049582881833472
18049582885765120
18049582885765632
18049582886027264
18049582886027776
18049583015788544
18049583015789056
18049583016050688
18049583016051200
18049583019982848
18049583019983360
18049583020244992
18049583020245504
18049583418441728
18049583418442240
18049583418703872
18049583418704384
18049583422636032
18049583422636544
18049583422898176
18049583422898688
18049583552659456
18049583552659968
18049583552921600
18049583552922112
18049583556853760
18049583556854272
18049583557115904
18049583557116416
18058378974593024
18058378974593536
18058378974855168
18058378974855680
18058378978787328
18058378978787840
18058378979049472
18058378979049984
18058379108810752
18058379108811264
18058379109072896
18058379109073408
18058379113005056
18058379113005568
18058379113267200
18058379113267712
18058379511463936
18058379511464448
18058379511726080
18058379511726592
18058379515658240
18058379515658752
18058379515920384
18058379515920896
18058379645681664
18058379645682176
18058379645943808
18058379645944320
18058379649875968
18058379649876480
18058379650138112
18058379650138624
19140298416324608
19140298416325120
19140298416586752
19140298416587264
19140298420518912
19140298420519424
19140298420781056
19140298420781568
19140298550542336
19140298550542848
19140298550804480
19140298550804992
19140298554736640
19140298554737152
19140298554998784
19140298554999296
19140298953195520
19140298953196032
19140298953457664
19140298953458176
19140298957389824
19140298957390336
19140298957651968
19140298957652480
19140299087413248
19140299087413760
19140299087675392
19140299087675904
19140299091607552
19140299091608064
19140299091869696
19140299091870208
19149094509346816
19149094509347328
19149094509608960
19149094509609472
19149094513541120
19149094513541632
19149094513803264
19149094513803776
19149094643564544
19149094643565056
19149094643826688
19149094643827200
19149094647758848
19149094647759360
19149094648020992
19149094648021504
19149095046217728
19149095046218240
19149095046479872
19149095046480384
19149095050412032
19149095050412544
19149095050674176
19149095050674688
19149095180435456
19149095180435968
19149095180697600
19149095180698112
19149095184629760
19149095184630272
19149095184891904
19149095184892416
19175482788413440
19175482788413952
19175482788675584
19175482788676096
19175482792607744
19175482792608256
19175482792869888
19175482792870400
19175482922631168
19175482922631680
19175482922893312
19175482922893824
19175482926825472
19175482926825984
19175482927087616
19175482927088128
19175483325284352
19175483325284864
19175483325546496
19175483325547008
19175483329478656
19175483329479168
19175483329740800
19175483329741312
19175483459502080
19175483459502592
19175483459764224
19175483459764736
19175483463696384
19175483463696896
19175483463958528
19175483463959040
19184278881435648
19184278881436160
19184278881697792
19184278881698304
19184278885629952
19184278885630464
19184278885892096
19184278885892608
19184279015653376
19184279015653888
19184279015915520
19184279015916032
19184279019847680
19184279019848192
19184279020109824
19184279020110336
19184279418306560
19184279418307072
19184279418568704
19184279418569216
19184279422500864
19184279422501376
19184279422763008
19184279422763520
19184279552524288
19184279552524800
19184279552786432
19184279552786944
19184279556718592
19184279556719104
19184279556980736
19184279556981248
0
1024
524288
525312
268435456
268436480
268959744
268960768
1073741824
1073742848
1074266112
1074267136
1342177280
1342178304
1342701568
1342702592
17592186044416
17592186045440
17592186568704
17592186569728
17592454479872
17592454480896
17592455004160
17592455005184
17593259786240
17593259787264
17593260310528
17593260311552
17593528221696
17593528222720
17593528745984
17593528747008
70368744177664
70368744178688
70368744701952
70368744702976
70369012613120
70369012614144
70369013137408
70369013138432
70369817919488
70369817920512
70369818443776
70369818444800
70370086354944
70370086355968
70370086879232
70370086880256
87960930222080
87960930223104
87960930746368
87960930747392
87961198657536
87961198658560
87961199181824
87961199182848
87962003963904
87962003964928
87962004488192
87962004489216
87962272399360
87962272400384
87962272923648
87962272924672
2251799813685248
2251799813686272
2251799814209536
2251799814210560
2251800082120704
2251800082121728
2251800082644992
2251800082646016
2251800887427072
2251800887428096
2251800887951360
2251800887952384
2251801155862528
2251801155863552
2251801156386816
2251801156387840
2269391999729664
2269391999730688
2269392000253952
2269392000254976
2269392268165120
2269392268166144
2269392268689408
2269392268690432
2269393073471488
2269393073472512
2269393073995776
2269393073996800
2269393341906944
2269393341907968
2269393342431232
2269393342432256
2322168557862912
2322168557863936
2322168558387200
2322168558388224
2322168826298368
2322168826299392
2322168826822656
2322168826823680
2322169631604736
2322169631605760
2322169632129024
2322169632130048
2322169900040192
2322169900041216
2322169900564480
2322169900565504
2339760743907328
2339760743908352
2339760744431616
2339760744432640
2339761012342784
2339761012343808
2339761012867072
2339761012868096
2339761817649152
2339761817650176
2339761818173440
2339761818174464
2339762086084608
2339762086085632
2339762086608896
2339762086609920
0
0
0
0
0
0
0
0
0
0
0
0
0
0
0
0
0
0
0
0
0
0
0
0
0
0
0
0
0
0
0
0
0
0
0
0
0
0
0
0
0
0
0
0
0
0
0
0
0
0
0
0
0
0
0
0
0
0
0
0
0
0
0
0
0
0
0
0
0
0
0
0
0
0
0
0
0
0
0
0
0
0
0
0
0
0
0
0
0
0
0
0
0
0
0
0
0
0
0
0
0
0
0
0
0
0
0
0
0
0
0
0
0
0
0
0
0
0
0
0
0
0
0
0
0
0
0
0
0
0
0
0
0
0
0
0
0
0
0
0
0
0
0
0
0
0
0
0
0
0
0
0
0
0
0
0
0
0
0
0
0
0
0
0
0
0
0
0
0
0
0
0
0
0
0
0
0
0
0
0
0
0
0
0
0
0
0
0
0
0
0
0
0
0
0
0
0
0
0
0
0
0
0
0
0
0
0
0
0
0
0
0
0
0
0
0
0
0
0
0
0
0
0
0
0
0
0
0
0
0
0
0
0
0
0
0
0
0
0
0
0
0
0
0
0
0
0
0
0
0
0
0
0
0
0
0
0
0
0
0
0
0
0
0
0
0
0
0
0
0
0
0
0
0
0
0
0
0
0
0
0
0
0
0
0
0
0
0
0
0
0
0
0
0
0
0
0
0
0
0
0
0
0
0
0
0
0
0
0
0
0
0
0
0
0
0
0
0
0
0
0
0
0
0
0
0
0
0
0
0
0
0
0
0
0
0
0
0
0
0
0
0
0
0
0
0
0
0
0
0
0
0
0
0
0
0
0
0
0
0
0
0
0
0
0
0
0
0
0
0
0
0
0
0
0
0
0
0
0
0
0
0
0
0
0
2048
1048576
1050624
536870912
536872960
537919488
537921536
35184372088832
35184372090880
35184373137408
35184373139456
35184908959744
35184908961792
35184910008320
35184910010368
4503599627370496
4503599627372544
4503599628419072
4503599628421120
4503600164241408
4503600164243456
4503600165289984
4503600165292032
4538783999459328
4538783999461376
4538784000507904
4538784000509952
4538784536330240
4538784536332288
4538784537378816
4538784537380864
0
0
0
0
0
0
0
0
0
0
0
0
0
0
0
0
0
0
0
0
0
0
0
0
0
0
0
0
0
0
0
0
0
0
0
0
0
0
0
0
0
0
0
0
0
0
0
0
0
0
0
0
0
0
0
0
0
0
0
0
0
0
0
0
0
0
0
0
0
0
0
0
0
0
0
0
0
0
0
0
0
0
0
0
0
0
0
0
0
0
0
0
0
0
0
0
0
0
0
0
0
0
0
0
0
0
0
0
0
0
0
0
0
0
0
0
0
0
0
0
0
0
0
0
0
0
0
0
0
0
0
0
0
0
0
0
0
0
0
0
0
0
0
0
0
0
0
0
0
0
0
0
0
0
0
0
0
0
0
0
0
0
0
0
0
0
0
0
0
0
0
0
0
0
0
0
0
0
0
0
0
0
0
0
0
0
0
0
0
0
0
0
0
0
0
0
0
0
0
0
0
0
0
0
0
0
0
0
0
0
0
0
0
0
0
0
0
0
0
0
0
0
0
0
0
0
0
0
0
0
0
0
0
0
0
0
0
0
0
0
0
0
0
0
0
0
0
0
0
0
0
0
0
0
0
0
0
0
0
0
0
0
0
0
0
0
0
0
0
0
0
0
0
0
0
0
0
0
0
0
0
0
0
0
0
0
0
0
0
0
0
0
0
0
0
0
0
0
0
0
0
0
0
0
0
0
0
0
0
0
0
0
0
0
0
0
0
0
0
0
0
0
0
0
0
0
0
0
0
0
0
0
0
0
0
0
0
0
0
0
0
0
0
0
0
0
0
0
0
0
0
0
0
0
0
0
0
0
0
0
0
0
0
0
0
0
0
0
0
0
0
0
0
0
0
0
0
0
0
0
0
0
0
0
0
0
0
0
0
0
0
0
0
0
0
0
0
0
0
0
0
0
0
0
0
0
0
0
0
0
0
0
0
0
0
0
0
0
0
0
0
0
0
0
0
0
0
0
0
0
0
0
0
0
0
0
0
0
0
0
0
0
0
0
0
0
0
0
0
0
0
0
0
0
0
0
0
0
0
0
0
0
0
0
0
0
0
0
0
0
0
0
0
0
0
0
0
0
0
0
0
4096
2097152
2101248
1073741824
1073745920
1075838976
1075843072
70368744177664
70368744181760
70368746274816
70368746278912
70369817919488
70369817923584
70369820016640
70369820020736
9007199254740992
9007199254745088
9007199256838144
9007199256842240
9007200328482816
9007200328486912
9007200330579968
9007200330584064
9077567998918656
9077567998922752
9077568001015808
9077568001019904
9077569072660480
9077569072664576
9077569074757632
9077569074761728
0
0
0
0
0
0
0
0
0
0
0
0
0
0
0
0
0
0
0
0
0
0
0
0
0
0
0
0
0
0
0
0
0
0
0
0
0
0
0
0
0
0
0
0
0
0
0
0
0
0
0
0
0
0
0
0
0
0
0
0
0
0
0
0
0
0
0
0
0
0
0
0
0
0
0
0
0
0
0
0
0
0
0
0
0
0
0
0
0
0
0
0
0
0
0
0
0
0
0
0
0
0
0
0
0
0
0
0
0
0
0
0
0
0
0
0
0
0
0
0
0
0
0
0
0
0
0
0
0
0
0
0
0
0
0
0
0
0
0
0
0
0
0
0
0
0
0
0
0
0
0
0
0
0
0
0
0
0
0
0
0
0
0
0
0
0
0
0
0
0
0
0
0
0
0
0
0
0
0
0
0
0
0
0
0
0
0
0
0
0
0
0
0
0
0
0
0
0
0
0
0
0
0
0
0
0
0
0
0
0
0
0
0
0
0
0
0
0
0
0
0
0
0
0
0
0
0
0
0
0
0
0
0
0
0
0
0
0
0
0
0
0
0
0
0
0
0
0
0
0
0
0
0
0
0
0
0
0
0
0
0
0
0
0
0
0
0
0
0
0
0
0
0
0
0
0
0
0
0
0
0
0
0
0
0
0
0
0
0
0
0
0
0
0
0
0
0
0
0
0
0
0
0
0
0
0
0
0
0
0
0
0
0
0
0
0
0
0
0
0
0
0
0
0
0
0
0
0
0
0
0
0
0
0
0
0
0
0
0
0
0
0
0
0
0
0
0
0
0
0
0
0
0
0
0
0
0
0
0
0
0
0
0
0
0
0
0
0
0
0
0
0
0
0
0
0
0
0
0
0
0
0
0
0
0
0
0
0
0
0
0
0
0
0
0
0
0
0
0
0
0
0
0
0
0
0
0
0
0
0
0
0
0
0
0
0
0
0
0
0
0
0
0
0
0
0
0
0
0
0
0
0
0
0
0
0
0
0
0
0
0
0
0
0
0
0
0
0
0
0
0
0
0
0
0
0
0
0
0
0
0
0
0
0
0
0
0
0
0
0
0
0
0
0
0
0
0
0
0
0
0
4096
524288
528384
67108864
67112960
67633152
67637248
8589934592
8589938688
8590458880
8590462976
8657043456
8657047552
8657567744
8657571840
562949953421312
562949953425408
562949953945600
562949953949696
562950020530176
562950020534272
562950021054464
562950021058560
562958543355904
562958543360000
562958543880192
562958543884288
562958610464768
562958610468864
562958610989056
562958610993152
0
0
0
0
0
0
0
0
0
0
0
0
0
0
0
0
0
0
0
0
0
0
0
0
0
0
0
0
0
0
0
0
0
0
0
0
0
0
0
0
0
0
0
0
0
0
0
0
0
0
0
0
0
0
0
0
0
0
0
0
0
0
0
0
0
0
0
0
0
0
0
0
0
0
0
0
0
0
0
0
0
0
0
0
0
0
0
0
0
0
0
0
0
0
0
0
0
0
0
0
0
0
0
0
0
0
0
0
0
0
0
0
0
0
0
0
0
0
0
0
0
0
0
0
0
0
0
0
0
0
0
0
0
0
0
0
0
0
0
0
0
0
0
0
0
0
0
0
0
0
0
0
0
0
0
0
0
0
0
0
0
0
0
0
0
0
0
0
0
0
0
0
0
0
0
0
0
0
0
0
0
0
0
0
0
0
0
0
0
0
0
0
0
0
0
0
0
0
0
0
0
0
0
0
0
0
0
0
0
0
0
0
0
0
0
0
0
0
0
0
0
0
0
0
0
0
0
0
0
0
0
0
0
0
0
0
0
0
0
0
0
0
0
0
0
0
0
0
0
0
0
0
0
0
0
0
0
0
0
0
0
0
0
0
0
0
0
0
0
0
0
0
0
0
0
0
0
0
0
0
0
0
0
0
0
0
0
0
0
0
0
0
0
0
0
0
0
0
0
0
0
0
0
0
0
0
0
0
0
0
0
0
0
0
0
0
0
0
0
0
0
0
0
0
0
0
0
0
0
0
0
0
0
0
0
0
0
0
0
0
0
0
0
0
0
0
0
0
0
0
0
0
0
0
0
0
0
0
0
0
0
0
0
0
0
0
0
0
0
0
0
0
0
0
0
0
0
0
0
0
0
0
0
0
0
0
0
0
0
0
0
0
0
0
0
0
0
0
0
0
0
0
0
0
0
0
0
0
0
0
0
0
0
0
0
0
0
0
0
0
0
0
0
0
0
0
0
0
0
0
0
0
0
0
0
0
0
0
0
0
0
0
0
0
0
0
0
0
0
0
0
0
0
0
0
0
0
0
0
0
0
0
0
0
0
0
0
0
0
0
0
0
0
0
0
0
0
0
0
0
0
8192
1048576
1056768
134217728
134225920
135266304
135274496
17179869184
17179877376
17180917760
17180925952
17314086912
17314095104
17315135488
17315143680
1125899906842624
1125899906850816
1125899907891200
1125899907899392
1125900041060352
1125900041068544
1125900042108928
1125900042117120
1125917086711808
1125917086720000
1125917087760384
1125917087768576
1125917220929536
1125917220937728
1125917221978112
1125917221986304
0
0
0
0
0
0
0
0
0
0
0
0
0
0
0
0
0
0
0
0
0
0
0
0
0
0
0
0
0
0
0
0
0
0
0
0
0
0
0
0
0
0
0
0
0
0
0
0
0
0
0
0
0
0
0
0
0
0
0
0
0
0
0
0
0
0
0
0
0
0
0
0
0
0
0
0
0
0
0
0
0
0
0
0
0
0
0
0
0
0
0
0
0
0
0
0
0
0
0
0
0
0
0
0
0
0
0
0
0
0
0
0
0
0
0
0
0
0
0
0
0
0
0
0
0
0
0
0
0
0
0
0
0
0
0
0
0
0
0
0
0
0
0
0
0
0
0
0
0
0
0
0
0
0
0
0
0
0
0
0
0
0
0
0
0
0
0
0
0
0
0
0
0
0
0
0
0
0
0
0
0
0
0
0
0
0
0
0
0
0
0
0
0
0
0
0
0
0
0
0
0
0
0
0
0
0
0
0
0
0
0
0
0
0
0
0
0
0
0
0
0
0
0
0
0
0
0
0
0
0
0
0
0
0
0
0
0
0
0
0
0
0
0
0
0
0
0
0
0
0
0
0
0
0
0
0
0
0
0
0
0
0
0
0
0
0
0
0
0
0
0
0
0
0
0
0
0
0
0
0
0
0
0
0
0
0
0
0
0
0
0
0
0
0
0
0
0
0
0
0
0
0
0
0
0
0
0
0
0
0
0
0
0
0
0
0
0
0
0
0
0
0
0
0
0
0
0
0
0
0
0
0
0
0
0
0
0
0
0
0
0
0
0
0
0
0
0
0
0
0
0
0
0
0
0
0
0
0
0
0
0
0
0
0
0
0
0
0
0
0
0
0
0
0
0
0
0
0
0
0
0
0
0
0
0
0
0
0
0
0
0
0
0
0
0
0
0
0
0
0
0
0
0
0
0
0
0
0
0
0
0
0
0
0
0
0
0
0
0
0
0
0
0
0
0
0
0
0
0
0
0
0
0
0
0
0
0
0
0
0
0
0
0
0
0
0
0
0
0
0
0
0
0
0
0
0
0
0
0
0
0
0
0
0
0
0
0
0
0
0
0
0
0
0
0
0
0
0
0
0
0
16384
2097152
2113536
268435456
268451840
270532608
270548992
8589934592
8589950976
8592031744
8592048128
8858370048
8858386432
8860467200
8860483584
34359738368
34359754752
34361835520
34361851904
34628173824
34628190208
34630270976
34630287360
42949672960
42949689344
42951770112
42951786496
43218108416
43218124800
43220205568
43220221952
562949953421312
562949953437696
562949955518464
562949955534848
562950221856768
562950221873152
562950223953920
562950223970304
562958543355904
562958543372288
562958545453056
562958545469440
562958811791360
562958811807744
562958813888512
562958813904896
562984313159680
562984313176064
562984315256832
562984315273216
562984581595136
562984581611520
562984583692288
562984583708672
562992903094272
562992903110656
562992905191424
562992905207808
562993171529728
562993171546112
562993173626880
562993173643264
2251799813685248
2251799813701632
2251799815782400
2251799815798784
2251800082120704
2251800082137088
2251800084217856
2251800084234240
2251808403619840
2251808403636224
2251808405716992
2251808405733376
2251808672055296
2251808672071680
2251808674152448
2251808674168832
2251834173423616
2251834173440000
2251834175520768
2251834175537152
2251834441859072
2251834441875456
2251834443956224
2251834443972608
2251842763358208
2251842763374592
2251842765455360
2251842765471744
2251843031793664
2251843031810048
2251843033890816
2251843033907200
2814749767106560
2814749767122944
2814749769203712
2814749769220096
2814750035542016
2814750035558400
2814750037639168
2814750037655552
2814758357041152
2814758357057536
2814758359138304
2814758359154688
2814758625476608
2814758625492992
2814758627573760
2814758627590144
2814784126844928
2814784126861312
2814784128942080
2814784128958464
2814784395280384
2814784395296768
2814784397377536
2814784397393920
2814792716779520
2814792716795904
2814792718876672
2814792718893056
2814792985214976
2814792985231360
2814792987312128
2814792987328512
0
0
0
0
0
0
0
0
0
0
0
0
0
0
0
0
0
0
0
0
0
0
0
0
0
0
0
0
0
0
0
0
0
0
0
0
0
0
0
0
0
0
0
0
0
0
0
0
0
0
0
0
0
0
0
0
0
0
0
0
0
0
0
0
0
0
0
0
0
0
0
0
0
0
0
0
0
0
0
0
0
0
0
0
0
0
0
0
0
0
0
0
0
0
0
0
0
0
0
0
0
0
0
0
0
0
0
0
0
0
0
0
0
0
0
0
0
0
0
0
0
0
0
0
0
0
0
0
0
0
0
0
0
0
0
0
0
0
0
0
0
0
0
0
0
0
0
0
0
0
0
0
0
0
0
0
0
0
0
0
0
0
0
0
0
0
0
0
0
0
0
0
0
0
0
0
0
0
0
0
0
0
0
0
0
0
0
0
0
0
0
0
0
0
0
0
0
0
0
0
0
0
0
0
0
0
0
0
0
0
0
0
0
0
0
0
0
0
0
0
0
0
0
0
0
0
0
0
0
0
0
0
0
0
0
0
0
0
0
0
0
0
0
0
0
0
0
0
0
0
0
0
0
0
0
0
0
0
0
0
0
0
0
0
0
0
0
0
0
0
0
0
0
0
0
0
0
0
0
0
0
0
0
0
0
0
0
0
0
0
0
0
0
0
0
0
0
0
0
0
0
0
0
0
0
0
0
0
0
0
0
0
0
0
0
0
0
0
0
0
0
0
0
0
0
0
0
0
0
0
0
0
0
0
0
0
0
0
0
0
0
0
0
0
0
0
0
0
0
0
0
0
0
0
0
0
0
0
0
0
0
0
0
0
0
0
0
0
0
0
0
0
0
0
0
0
0
0
0
0
0
0
0
0
0
4194304
33554432
37748736
536870912
541065216
570425344
574619648
17179869184
17184063488
17213423616
17217617920
17716740096
17720934400
17750294528
17754488832
68719476736
68723671040
68753031168
68757225472
69256347648
69260541952
69289902080
69294096384
85899345920
85903540224
85932900352
85937094656
86436216832
86440411136
86469771264
86473965568
1125899906842624
1125899911036928
1125899940397056
1125899944591360
1125900443713536
1125900447907840
1125900477267968
1125900481462272
1125917086711808
1125917090906112
1125917120266240
1125917124460544
1125917623582720
1125917627777024
1125917657137152
1125917661331456
1125968626319360
1125968630513664
1125968659873792
1125968664068096
1125969163190272
1125969167384576
1125969196744704
1125969200939008
1125985806188544
1125985810382848
1125985839742976
1125985843937280
1125986343059456
1125986347253760
1125986376613888
1125986380808192
4503599627370496
4503599631564800
4503599660924928
4503599665119232
4503600164241408
4503600168435712
4503600197795840
4503600201990144
4503616807239680
4503616811433984
4503616840794112
4503616844988416
4503617344110592
4503617348304896
4503617377665024
4503617381859328
4503668346847232
4503668351041536
4503668380401664
4503668384595968
4503668883718144
4503668887912448
4503668917272576
4503668921466880
4503685526716416
4503685530910720
4503685560270848
4503685564465152
4503686063587328
4503686067781632
4503686097141760
4503686101336064
5629499534213120
5629499538407424
5629499567767552
5629499571961856
5629500071084032
5629500075278336
5629500104638464
5629500108832768
5629516714082304
5629516718276608
5629516747636736
5629516751831040
5629517250953216
5629517255147520
5629517284507648
5629517288701952
5629568253689856
5629568257884160
5629568287244288
5629568291438592
5629568790560768
5629568794755072
5629568824115200
5629568828309504
5629585433559040
5629585437753344
5629585467113472
5629585471307776
5629585970429952
5629585974624256
5629586003984384
5629586008178688
0
0
0
0
0
0
0
0
0
0
0
0
0
0
0
0
0
0
0
0
0
0
0
0
0
0
0
0
0
0
0
0
0
0
0
0
0
0
0
0
0
0
0
0
0
0
0
0
0
0
0
0
0
0
0
0
0
0
0
0
0
0
0
0
0
0
0
0
0
0
0
0
0
0
0
0
0
0
0
0
0
0
0
0
0
0
0
0
0
0
0
0
0
0
0
0
0
0
0
0
0
0
0
0
0
0
0
0
0
0
0
0
0
0
0
0
0
0
0
0
0
0
0
0
0
0
0
0
0
0
0
0
0
0
0
0
0
0
0
0
0
0
0
0
0
0
0
0
0
0
0
0
0
0
0
0
0
0
0
0
0
0
0
0
0
0
0
0
0
0
0
0
0
0
0
0
0
0
0
0
0
0
0
0
0
0
0
0
0
0
0
0
0
0
0
0
0
0
0
0
0
0
0
0
0
0
0
0
0
0
0
0
0
0
0
0
0
0
0
0
0
0
0
0
0
0
0
0
0
0
0
0
0
0
0
0
0
0
0
0
0
0
0
0
0
0
0
0
0
0
0
0
0
0
0
0
0
0
0
0
0
0
0
0
0
0
0
0
0
0
0
0
0
0
0
0
0
0
0
0
0
0
0
0
0
0
0
0
0
0
0
0
0
0
0
0
0
0
0
0
0
0
0
0
0
0
0
0
0
0
0
0
0
0
0
0
0
0
0
0
0
0
0
0
0
0
0
0
0
0
0
0
0
0
0
0
0
0
0
0
0
0
0
0
0
0
0
0
0
0
0
0
0
0
0
0
0
0
0
0
0
0
0
0
0
0
0
0
0
0
0
0
0
0
0
0
0
0
0
0
0
0
0
0
0
131072
67108864
67239936
1073741824
1073872896
1140850688
1140981760
34359738368
34359869440
34426847232
34426978304
35433480192
35433611264
35500589056
35500720128
137438953472
137439084544
137506062336
137506193408
138512695296
138512826368
138579804160
138579935232
171798691840
171798822912
171865800704
171865931776
172872433664
172872564736
172939542528
172939673600
2251799813685248
2251799813816320
2251799880794112
2251799880925184
2251800887427072
2251800887558144
2251800954535936
2251800954667008
2251834173423616
2251834173554688
2251834240532480
2251834240663552
2251835247165440
2251835247296512
2251835314274304
2251835314405376
2251937252638720
2251937252769792
2251937319747584
2251937319878656
2251938326380544
2251938326511616
2251938393489408
2251938393620480
2251971612377088
2251971612508160
2251971679485952
2251971679617024
2251972686118912
2251972686249984
2251972753227776
2251972753358848
9007199254740992
9007199254872064
9007199321849856
9007199321980928
9007200328482816
9007200328613888
9007200395591680
9007200395722752
9007233614479360
9007233614610432
9007233681588224
9007233681719296
9007234688221184
9007234688352256
9007234755330048
9007234755461120
9007336693694464
9007336693825536
9007336760803328
9007336760934400
9007337767436288
9007337767567360
9007337834545152
9007337834676224
9007371053432832
9007371053563904
9007371120541696
9007371120672768
9007372127174656
9007372127305728
9007372194283520
9007372194414592
11258999068426240
11258999068557312
11258999135535104
11258999135666176
11259000142168064
11259000142299136
11259000209276928
11259000209408000
11259033428164608
11259033428295680
11259033495273472
11259033495404544
11259034501906432
11259034502037504
11259034569015296
11259034569146368
11259136507379712
11259136507510784
11259136574488576
11259136574619648
11259137581121536
11259137581252608
11259137648230400
11259137648361472
11259170867118080
11259170867249152
11259170934226944
11259170934358016
11259171940859904
11259171940990976
11259172007968768
11259172008099840
0
0
0
0
0
0
0
0
0
0
0
0
0
0
0
0
0
0
0
0
0
0
0
0
0
0
0
0
0
0
0
0
0
0
0
0
0
0
0
0
0
0
0
0
0
0
0
0
0
0
0
0
0
0
0
0
0
0
0
0
0
0
0
0
0
0
0
0
0
0
0
0
0
0
0
0
0
0
0
0
0
0
0
0
0
0
0
0
0
0
0
0
0
0
0
0
0
0
0
0
0
0
0
0
0
0
0
0
0
0
0
0
0
0
0
0
0
0
0
0
0
0
0
0
0
0
0
0
0
0
0
0
0
0
0
0
0
0
0
0
0
0
0
0
0
0
0
0
0
0
0
0
0
0
0
0
0
0
0
0
0
0
0
0
0
0
0
0
0
0
0
0
0
0
0
0
0
0
0
0
0
0
0
0
0
0
0
0
0
0
0
0
0
0
0
0
0
0
0
0
0
0
0
0
0
0
0
0
0
0
0
0
0
0
0
0
0
0
0
0
0
0
0
0
0
0
0
0
0
0
0
0
0
0
0
0
0
0
0
0
0
0
0
0
0
0
0
0
0
0
0
0
0
0
0
0
0
0
0
0
0
0
0
0
0
0
0
0
0
0
0
0
0
0
0
0
0
0
0
0
0
0
0
0
0
0
0
0
0
0
0
0
0
0
0
0
0
0
0
0
0
0
0
0
0
0
0
0
0
0
0
0
0
0
0
0
0
0
0
0
0
0
0
0
0
0
0
0
0
0
0
0
0
0
0
0
0
0
0
0
0
0
0
0
0
0
0
0
0
0
0
0
0
0
0
0
0
0
0
0
0
0
0
0
0
0
0
0
0
0
0
0
0
0
0
0
0
0
0
0
0
0
0
0
0
512
262144
262656
134217728
134218240
134479872
134480384
68719476736
68719477248
68719738880
68719739392
68853694464
68853694976
68853956608
68853957120
274877906944
274877907456
274878169088
274878169600
275012124672
275012125184
275012386816
275012387328
343597383680
343597384192
343597645824
343597646336
343731601408
343731601920
343731863552
343731864064
4503599627370496
4503599627371008
4503599627632640
4503599627633152
4503599761588224
4503599761588736
4503599761850368
4503599761850880
4503668346847232
4503668346847744
4503668347109376
4503668347109888
4503668481064960
4503668481065472
4503668481327104
4503668481327616
4503874505277440
4503874505277952
4503874505539584
4503874505540096
4503874639495168
4503874639495680
4503874639757312
4503874639757824
4503943224754176
4503943224754688
4503943225016320
4503943225016832
4503943358971904
4503943358972416
4503943359234048
4503943359234560
18014398509481984
18014398509482496
18014398509744128
18014398509744640
18014398643699712
18014398643700224
18014398643961856
18014398643962368
18014467228958720
18014467228959232
18014467229220864
18014467229221376
18014467363176448
18014467363176960
18014467363438592
18014467363439104
18014673387388928
18014673387389440
18014673387651072
18014673387651584
18014673521606656
18014673521607168
18014673521868800
18014673521869312
18014742106865664
18014742106866176
18014742107127808
18014742107128320
18014742241083392
18014742241083904
18014742241345536
18014742241346048
22517998136852480
22517998136852992
22517998137114624
22517998137115136
22517998271070208
22517998271070720
22517998271332352
22517998271332864
22518066856329216
22518066856329728
22518066856591360
22518066856591872
22518066990546944
22518066990547456
22518066990809088
22518066990809600
22518273014759424
22518273014759936
22518273015021568
22518273015022080
22518273148977152
22518273148977664
22518273149239296
22518273149239808
22518341734236160
22518341734236672
22518341734498304
22518341734498816
22518341868453888
22518341868454400
22518341868716032
22518341868716544
0
0
0
0
0
0
0
0
0
0
0
0
0
0
0
0
0
0
0
0
0
0
0
0
0
0
0
0
0
0
0
0
0
0
0
0
0
0
0
0
0
0
0
0
0
0
0
0
0
0
0
0
0
0
0
0
0
0
0
0
0
0
0
0
0
0
0
0
0
0
0
0
0
0
0
0
0
0
0
0
0
0
0
0
0
0
0
0
0
0
0
0
0
0
0
0
0
0
0
0
0
0
0
0
0
0
0
0
0
0
0
0
0
0
0
0
0
0
0
0
0
0
0
0
0
0
0
0
0
0
0
0
0
0
0
0
0
0
0
0
0
0
0
0
0
0
0
0
0
0
0
0
0
0
0
0
0
0
0
0
0
0
0
0
0
0
0
0
0
0
0
0
0
0
0
0
0
0
0
0
0
0
0
0
0
0
0
0
0
0
0
0
0
0
0
0
0
0
0
0
0
0
0
0
0
0
0
0
0
0
0
0
0
0
0
0
0
0
0
0
0
0
0
0
0
0
0
0
0
0
0
0
0
0
0
0
0
0
0
0
0
0
0
0
0
0
0
0
0
0
0
0
0
0
0
0
0
0
0
0
0
0
0
0
0
0
0
0
0
0
0
0
0
0
0
0
0
0
0
0
0
0
0
0
0
0
0
0
0
0
0
0
0
0
0
0
0
0
0
0
0
0
0
0
0
0
0
0
0
0
0
0
0
0
0
0
0
0
0
0
0
0
0
0
0
0
0
0
0
0
0
0
0
0
0
0
0
0
0
0
0
0
0
0
0
0
0
0
0
0
0
0
0
0
0
0
0
0
0
0
0
0
0
0
0
0
0
0
0
0
0
0
0
0
0
0
0
0
0
0
0
0
0
0
0
1024
524288
525312
268435456
268436480
268959744
268960768
137438953472
137438954496
137439477760
137439478784
137707388928
137707389952
137707913216
137707914240
9007199254740992
9007199254742016
9007199255265280
9007199255266304
9007199523176448
9007199523177472
9007199523700736
9007199523701760
9007336693694464
9007336693695488
9007336694218752
9007336694219776
9007336962129920
9007336962130944
9007336962654208
9007336962655232
0
0
0
0
0
0
0
0
0
0
0
0
0
0
0
0
0
0
0
0
0
0
0
0
0
0
0
0
0
0
0
0
0
0
0
0
0
0
0
0
0
0
0
0
0
0
0
0
0
0
0
0
0
0
0
0
0
0
0
0
0
0
0
0
0
0
0
0
0
0
0
0
0
0
0
0
0
0
0
0
0
0
0
0
0
0
0
0
0
0
0
0
0
0
0
0
0
0
0
0
0
0
0
0
0
0
0
0
0
0
0
0
0
0
0
0
0
0
0
0
0
0
0
0
0
0
0
0
0
0
0
0
0
0
0
0
0
0
0
0
0
0
0
0
0
0
0
0
0
0
0
0
0
0
0
0
0
0
0
0
0
0
0
0
0
0
0
0
0
0
0
0
0
0
0
0
0
0
0
0
0
0
0
0
0
0
0
0
0
0
0
0
0
0
0
0
0
0
0
0
0
0
0
0
0
0
0
0
0
0
0
0
0
0
0
0
0
0
0
0
0
0
0
0
0
0
0
0
0
0
0
0
0
0
0
0
0
0
0
0
0
0
0
0
0
0
0
0
0
0
0
0
0
0
0
0
0
0
0
0
0
0
0
0
0
0
0
0
0
0
0
0
0
0
0
0
0
0
0
0
0
0
0
0
0
0
0
0
0
0
0
0
0
0
0
0
0
0
0
0
0
0
0
0
0
0
0
0
0
0
0
0
0
0
0
0
0
0
0
0
0
0
0
0
0
0
0
0
0
0
0
0
0
0
0
0
0
0
0
0
0
0
0
0
0
0
0
0
0
0
0
0
0
0
0
0
0
0
0
0
0
0
0
0
0
0
0
0
0
0
0
0
0
0
0
0
0
0
0
0
0
0
0
0
0
0
0
0
0
0
0
0
0
0
0
0
0
0
0
0
0
0
0
0
0
0
0
0
0
0
0
0
0
0
0
0
0
0
0
0
0
0
0
0
0
0
0
0
0
0
0
0
0
0
0
0
0
0
0
0
0
0
0
0
0
0
0
0
0
0
0
0
0
0
0
0
0
0
0
0
0
0
0
0
0
0
0
0
0
0
0
0
0
0
0
0
0
0
0
0
0
2048
1048576
1050624
536870912
536872960
537919488
537921536
274877906944
274877908992
274878955520
274878957568
275414777856
275414779904
275415826432
275415828480
18014398509481984
18014398509484032
18014398510530560
18014398510532608
18014399046352896
18014399046354944
18014399047401472
18014399047403520
18014673387388928
18014673387390976
18014673388437504
18014673388439552
18014673924259840
18014673924261888
18014673925308416
18014673925310464
0
0
0
0
0
0
0
0
0
0
0
0
0
0
0
0
0
0
0
0
0
0
0
0
0
0
0
0
0
0
0
0
0
0
0
0
0
0
0
0
0
0
0
0
0
0
0
0
0
0
0
0
0
0
0
0
0
0
0
0
0
0
0
0
0
0
0
0
0
0
0
0
0
0
0
0
0
0
0
0
0
0
0
0
0
0
0
0
0
0
0
0
0
0
0
0
0
0
0
0
0
0
0
0
0
0
0
0
0
0
0
0
0
0
0
0
0
0
0
0
0
0
0
0
0
0
0
0
0
0
0
0
0
0
0
0
0
0
0
0
0
0
0
0
0
0
0
0
0
0
0
0
0
0
0
0
0
0
0
0
0
0
0
0
0
0
0
0
0
0
0
0
0
0
0
0
0
0
0
0
0
0
0
0
0
0
0
0
0
0
0
0
0
0
0
0
0
0
0
0
0
0
0
0
0
0
0
0
0
0
0
0
0
0
0
0
0
0
0
0
0
0
0
0
0
0
0
0
0
0
0
0
0
0
0
0
0
0
0
0
0
0
0
0
0
0
0
0
0
0
0
0
0
0
0
0
0
0
0
0
0
0
0
0
0
0
0
0
0
0
0
0
0
0
0
0
0
0
0
0
0
0
0
0
0
0
0
0
0
0
0
0
0
0
0
0
0
0
0
0
0
0
0
0
0
0
0
0
0
0
0
0
0
0
0
0
0
0
0
0
0
0
0
0
0
0
0
0
0
0
0
0
0
0
0
0
0
0
0
0
0
0
0
0
0
0
0
0
0
0
0
0
0
0
0
0
0
0
0
0
0
0
0
0
0
0
0
0
0
0
0
0
0
0
0
0
0
0
0
0
0
0
0
0
0
0
0
0
0
0
0
0
0
0
0
0
0
0
0
0
0
0
0
0
0
0
0
0
0
0
0
0
0
0
0
0
0
0
0
0
0
0
0
0
0
0
0
0
0
0
0
0
0
0
0
0
0
0
0
0
0
0
0
0
0
0
0
0
0
0
0
0
0
0
0
0
0
0
0
0
0
0
0
0
0
0
0
0
0
0
0
0
0
0
0
0
0
0
0
0
0
8192
1048576
1056768
134217728
134225920
135266304
135274496
17179869184
17179877376
17180917760
17180925952
17314086912
17314095104
17315135488
17315143680
2199023255552
2199023263744
2199024304128
2199024312320
2199157473280
2199157481472
2199158521856
2199158530048
2216203124736
2216203132928
2216204173312
2216204181504
2216337342464
2216337350656
2216338391040
2216338399232
0
0
0
0
0
0
0
0
0
0
0
0
0
0
0
0
0
0
0
0
0
0
0
0
0
0
0
0
0
0
0
0
0
0
0
0
0
0
0
0
0
0
0
0
0
0
0
0
0
0
0
0
0
0
0
0
0
0
0
0
0
0
0
0
0
0
0
0
0
0
0
0
0
0
0
0
0
0
0
0
0
0
0
0
0
0
0
0
0
0
0
0
0
0
0
0
0
0
0
0
0
0
0
0
0
0
0
0
0
0
0
0
0
0
0
0
0
0
0
0
0
0
0
0
0
0
0
0
0
0
0
0
0
0
0
0
0
0
0
0
0
0
0
0
0
0
0
0
0
0
0
0
0
0
0
0
0
0
0
0
0
0
0
0
0
0
0
0
0
0
0
0
0
0
0
0
0
0
0
0
0
0
0
0
0
0
0
0
0
0
0
0
0
0
0
0
0
0
0
0
0
0
0
0
0
0
0
0
0
0
0
0
0
0
0
0
0
0
0
0
0
0
0
0
0
0
0
0
0
0
0
0
0
0
0
0
0
0
0
0
0
0
0
0
0
0
0
0
0
0
0
0
0
0
0
0
0
0
0
0
0
0
0
0
0
0
0
0
0
0
0
0
0
0
0
0
0
0
0
0
0
0
0
0
0
0
0
0
0
0
0
0
0
0
0
0
0
0
0
0
0
0
0
0
0
0
0
0
0
0
0
0
0
0
0
0
0
0
0
0
0
0
0
0
0
0
0
0
0
0
0
0
0
0
0
0
0
0
0
0
0
0
0
0
0
0
0
0
0
0
0
0
0
0
0
0
0
0
0
0
0
0
0
0
0
0
0
0
0
0
0
0
0
0
0
0
0
0
0
0
0
0
0
0
0
0
0
0
0
0
0
0
0
0
0
0
0
0
0
0
0
0
0
0
0
0
0
0
0
0
0
0
0
0
0
0
0
0
0
0
0
0
0
0
0
0
0
0
0
0
0
0
0
0
0
0
0
0
0
0
0
0
0
0
0
0
0
0
0
0
0
0
0
0
0
0
0
0
0
0
0
0
0
0
0
0
0
0
0
0
0
0
0
0
0
0
0
0
0
0
0
16384
2097152
2113536
268435456
268451840
270532608
270548992
34359738368
34359754752
34361835520
34361851904
34628173824
34628190208
34630270976
34630287360
4398046511104
4398046527488
4398048608256
4398048624640
4398314946560
4398314962944
4398317043712
4398317060096
4432406249472
4432406265856
4432408346624
4432408363008
4432674684928
4432674701312
4432676782080
4432676798464
0
0
0
0
0
0
0
0
0
0
0
0
0
0
0
0
0
0
0
0
0
0
0
0
0
0
0
0
0
0
0
0
0
0
0
0
0
0
0
0
0
0
0
0
0
0
0
0
0
0
0
0
0
0
0
0
0
0
0
0
0
0
0
0
0
0
0
0
0
0
0
0
0
0
0
0
0
0
0
0
0
0
0
0
0
0
0
0
0
0
0
0
0
0
0
0
0
0
0
0
0
0
0
0
0
0
0
0
0
0
0
0
0
0
0
0
0
0
0
0
0
0
0
0
0
0
0
0
0
0
0
0
0
0
0
0
0
0
0
0
0
0
0
0
0
0
0
0
0
0
0
0
0
0
0
0
0
0
0
0
0
0
0
0
0
0
0
0
0
0
0
0
0
0
0
0
0
0
0
0
0
0
0
0
0
0
0
0
0
0
0
0
0
0
0
0
0
0
0
0
0
0
0
0
0
0
0
0
0
0
0
0
0
0
0
0
0
0
0
0
0
0
0
0
0
0
0
0
0
0
0
0
0
0
0
0
0
0
0
0
0
0
0
0
0
0
0
0
0
0
0
0
0
0
0
0
0
0
0
0
0
0
0
0
0
0
0
0
0
0
0
0
0
0
0
0
0
0
0
0
0
0
0
0
0
0
0
0
0
0
0
0
0
0
0
0
0
0
0
0
0
0
0
0
0
0
0
0
0
0
0
0
0
0
0
0
0
0
0
0
0
0
0
0
0
0
0
0
0
0
0
0
0
0
0
0
0
0
0
0
0
0
0
0
0
0
0
0
0
0
0
0
0
0
0
0
0
0
0
0
0
0
0
0
0
0
0
0
0
0
0
0
0
0
0
0
0
0
0
0
0
0
0
0
0
0
0
0
0
0
0
0
0
0
0
0
0
0
0
0
0
0
0
0
0
0
0
0
0
0
0
0
0
0
0
0
0
0
0
0
0
0
0
0
0
0
0
0
0
0
0
0
0
0
0
0
0
0
0
0
0
0
0
0
0
0
0
0
0
0
0
0
0
0
0
0
0
0
0
0
0
0
0
0
0
0
0
0
0
0
0
0
0
0
0
0
0
0
0
0
0
4194304
536870912
541065216
68719476736
68723671040
69256347648
69260541952
2199023255552
2199027449856
2199560126464
2199564320768
2267742732288
2267746926592
2268279603200
2268283797504
8796093022208
8796097216512
8796629893120
8796634087424
8864812498944
8864816693248
8865349369856
8865353564160
10995116277760
10995120472064
10995653148672
10995657342976
11063835754496
11063839948800
11064372625408
11064376819712
0
0
0
0
0
0
0
0
0
0
0
0
0
0
0
0
0
0
0
0
0
0
0
0
0
0
0
0
0
0
0
0
0
0
0
0
0
0
0
0
0
0
0
0
0
0
0
0
0
0
0
0
0
0
0
0
0
0
0
0
0
0
0
0
0
0
0
0
0
0
0
0
0
0
0
0
0
0
0
0
0
0
0
0
0
0
0
0
0
0
0
0
0
0
0
0
0
0
0
0
0
0
0
0
0
0
0
0
0
0
0
0
0
0
0
0
0
0
0
0
0
0
0
0
0
0
0
0
0
0
0
0
0
0
0
0
0
0
0
0
0
0
0
0
0
0
0
0
0
0
0
0
0
0
0
0
0
0
0
0
0
0
0
0
0
0
0
0
0
0
0
0
0
0
0
0
0
0
0
0
0
0
0
0
0
0
0
0
0
0
0
0
0
0
0
0
0
0
0
0
0
0
0
0
0
0
0
0
0
0
0
0
0
0
0
0
0
0
0
0
0
0
0
0
0
0
0
0
0
0
0
0
0
0
0
0
0
0
0
0
0
0
0
0
0
0
0
0
0
0
0
0
0
0
0
0
0
0
0
0
0
0
0
0
0
0
0
0
0
0
0
0
0
0
0
0
0
0
0
0
0
0
0
0
0
0
0
0
0
0
0
0
0
0
0
0
0
0
0
0
0
0
0
0
0
0
0
0
0
0
0
0
0
0
0
0
0
0
0
0
0
0
0
0
0
0
0
0
0
0
0
0
0
0
0
0
0
0
0
0
0
0
0
0
0
0
0
0
0
0
0
0
0
0
0
0
0
0
0
0
0
0
0
0
0
0
0
0
0
0
0
0
0
0
0
0
0
0
0
0
0
0
0
0
0
0
0
0
0
0
0
0
0
0
0
0
0
0
0
0
0
0
0
0
0
0
0
0
0
0
0
0
0
0
0
0
0
0
0
0
0
0
0
0
0
0
0
0
0
0
0
0
0
0
0
0
0
0
0
0
0
0
0
0
0
0
0
0
0
0
0
0
0
0
0
0
0
0
0
0
0
0
0
0
0
0
0
0
0
0
0
0
0
0
0
0
0
0
0
0
0
1073741824
8589934592
9663676416
137438953472
138512695296
146028888064
147102629888
4398046511104
4399120252928
4406636445696
4407710187520
4535485464576
4536559206400
4544075399168
4545149140992
17592186044416
17593259786240
17600775979008
17601849720832
17729624997888
17730698739712
17738214932480
17739288674304
21990232555520
21991306297344
21998822490112
21999896231936
22127671508992
22128745250816
22136261443584
22137335185408
0
0
0
0
0
0
0
0
0
0
0
0
0
0
0
0
0
0
0
0
0
0
0
0
0
0
0
0
0
0
0
0
0
0
0
0
0
0
0
0
0
0
0
0
0
0
0
0
0
0
0
0
0
0
0
0
0
0
0
0
0
0
0
0
0
0
0
0
0
0
0
0
0
0
0
0
0
0
0
0
0
0
0
0
0
0
0
0
0
0
0
0
0
0
0
0
0
0
0
0
0
0
0
0
0
0
0
0
0
0
0
0
0
0
0
0
0
0
0
0
0
0
0
0
0
0
0
0
0
0
0
0
0
0
0
0
0
0
0
0
0
0
0
0
0
0
0
0
0
0
0
0
0
0
0
0
0
0
0
0
0
0
0
0
0
0
0
0
0
0
0
0
0
0
0
0
0
0
0
0
0
0
0
0
0
0
0
0
0
0
0
0
0
0
0
0
0
0
0
0
0
0
0
0
0
0
0
0
0
0
0
0
0
0
0
0
0
0
0
0
0
0
0
0
0
0
0
0
0
0
0
0
0
0
0
0
0
0
0
0
0
0
0
0
0
0
0
0
0
0
0
0
0
0
0
0
0
0
0
0
0
0
0
0
0
0
0
0
0
0
0
0
0
0
0
0
0
0
0
0
0
0
0
0
0
0
0
0
0
0
0
0
0
0
0
0
0
0
0
0
0
0
0
0
0
0
0
0
0
0
0
0
0
0
0
0
0
0
0
0
0
0
0
0
0
0
0
0
0
0
0
0
0
0
0
0
0
0
0
0
0
0
0
0
0
0
0
0
0
0
0
0
0
0
0
0
0
0
0
0
0
0
0
0
0
0
0
0
0
0
0
0
0
0
0
0
0
0
0
0
0
0
0
0
0
0
0
0
0
0
0
0
0
0
0
0
0
0
0
0
0
0
0
0
0
0
0
0
0
0
0
0
0
0
0
0
0
0
0
0
0
0
0
0
0
0
0
0
0
0
0
0
0
0
0
0
0
0
0
0
0
0
0
0
0
0
0
0
0
0
0
0
0
0
0
0
0
0
0
0
0
0
0
0
0
0
0
0
0
0
0
0
0
0
0
0
0
0
0
0
0
33554432
17179869184
17213423616
274877906944
274911461376
292057776128
292091330560
8796093022208
8796126576640
8813272891392
8813306445824
9070970929152
9071004483584
9088150798336
9088184352768
35184372088832
35184405643264
35201551958016
35201585512448
35459249995776
35459283550208
35476429864960
35476463419392
43980465111040
43980498665472
43997644980224
43997678534656
44255343017984
44255376572416
44272522887168
44272556441600
0
0
0
0
0
0
0
0
0
0
0
0
0
0
0
0
0
0
0
0
0
0
0
0
0
0
0
0
0
0
0
0
0
0
0
0
0
0
0
0
0
0
0
0
0
0
0
0
0
0
0
0
0
0
0
0
0
0
0
0
0
0
0
0
0
0
0
0
0
0
0
0
0
0
0
0
0
0
0
0
0
0
0
0
0
0
0
0
0
0
0
0
0
0
0
0
0
0
0
0
0
0
0
0
0
0
0
0
0
0
0
0
0
0
0
0
0
0
0
0
0
0
0
0
0
0
0
0
0
0
0
0
0
0
0
0
0
0
0
0
0
0
0
0
0
0
0
0
0
0
0
0
0
0
0
0
0
0
0
0
0
0
0
0
0
0
0
0
0
0
0
0
0
0
0
0
0
0
0
0
0
0
0
0
0
0
0
0
0
0
0
0
0
0
0
0
0
0
0
0
0
0
0
0
0
0
0
0
0
0
0
0
0
0
0
0
0
0
0
0
0
0
0
0
0
0
0
0
0
0
0
0
0
0
0
0
0
0
0
0
0
0
0
0
0
0
0
0
0
0
0
0
0
0
0
0
0
0
0
0
0
0
0
0
0
0
0
0
0
0
0
0
0
0
0
0
0
0
0
0
0
0
0
0
0
0
0
0
0
0
0
0
0
0
0
0
0
0
0
0
0
0
0
0
0
0
0
0
0
0
0
0
0
0
0
0
0
0
0
0
0
0
0
0
0
0
0
0
0
0
0
0
0
0
0
0
0
0
0
0
0
0
0
0
0
0
0
0
0
0
0
0
0
0
0
0
0
0
0
0
0
0
0
0
0
0
0
0
0
0
0
0
0
0
0
0
0
0
0
0
0
0
0
0
0
0
0
0
0
0
0
0
0
0
0
0
0
0
0
0
0
0
0
0
0
0
0
0
0
0
0
0
0
0
0
0
0
0
0
0
0
0
0
0
0
0
0
0
0
0
0
0
0
0
0
0
0
0
0
0
0
0
0
0
0
0
0
0
0
0
0
0
0
0
0
0
0
0
0
0
0
0
0
0
0
0
0
0
0
0
0
0
0
0
0
0
0
0
0
0
0
131072
67108864
67239936
34359738368
34359869440
34426847232
34426978304
17592186044416
17592186175488
17592253153280
17592253284352
17626545782784
17626545913856
17626612891648
17626613022720
70368744177664
70368744308736
70368811286528
70368811417600
70403103916032
70403104047104
70403171024896
70403171155968
87960930222080
87960930353152
87960997330944
87960997462016
87995289960448
87995290091520
87995357069312
87995357200384
0
0
0
0
0
0
0
0
0
0
0
0
0
0
0
0
0
0
0
0
0
0
0
0
0
0
0
0
0
0
0
0
0
0
0
0
0
0
0
0
0
0
0
0
0
0
0
0
0
0
0
0
0
0
0
0
0
0
0
0
0
0
0
0
0
0
0
0
0
0
0
0
0
0
0
0
0
0
0
0
0
0
0
0
0
0
0
0
0
0
0
0
0
0
0
0
0
0
0
0
0
0
0
0
0
0
0
0
0
0
0
0
0
0
0
0
0
0
0
0
0
0
0
0
0
0
0
0
0
0
0
0
0
0
0
0
0
0
0
0
0
0
0
0
0
0
0
0
0
0
0
0
0
0
0
0
0
0
0
0
0
0
0
0
0
0
0
0
0
0
0
0
0
0
0
0
0
0
0
0
0
0
0
0
0
0
0
0
0
0
0
0
0
0
0
0
0
0
0
0
0
0
0
0
0
0
0
0
0
0
0
0
0
0
0
0
0
0
0
0
0
0
0
0
0
0
0
0
0
0
0
0
0
0
0
0
0
0
0
0
0
0
0
0
0
0
0
0
0
0
0
0
0
0
0
0
0
0
0
0
0
0
0
0
0
0
0
0
0
0
0
0
0
0
0
0
0
0
0
0
0
0
0
0
0
0
0
0
0
0
0
0
0
0
0
0
0
0
0
0
0
0
0
0
0
0
0
0
0
0
0
0
0
0
0
0
0
0
0
0
0
0
0
0
0
0
0
0
0
0
0
0
0
0
0
0
0
0
0
0
0
0
0
0
0
0
0
0
0
0
0
0
0
0
0
0
0
0
0
0
0
0
0
0
0
0
0
0
0
0
0
0
0
0
0
0
0
0
0
0
0
0
0
0
0
0
0
0
0
0
0
0
0
0
0
0
0
0
0
0
0
0
0
0
0
0
0
0
0
0
0
0
0
0
0
0
0
0
0
0
0
0
0
0
0
0
0
0
0
0
0
0
0
0
0
0
0
0
0
0
0
0
0
0
0
0
0
0
0
0
0
0
0
0
0
0
0
0
0
0
0
0
0
0
0
0
0
0
0
0
0
0
0
0
0
0
0
0
0
0
0
512
262144
262656
134217728
134218240
134479872
134480384
68719476736
68719477248
68719738880
68719739392
68853694464
68853694976
68853956608
68853957120
35184372088832
35184372089344
35184372350976
35184372351488
35184506306560
35184506307072
35184506568704
35184506569216
35253091565568
35253091566080
35253091827712
35253091828224
35253225783296
35253225783808
35253226045440
35253226045952
0
0
0
0
0
0
0
0
0
0
0
0
0
0
0
0
0
0
0
0
0
0
0
0
0
0
0
0
0
0
0
0
0
0
0
0
0
0
0
0
0
0
0
0
0
0
0
0
0
0
0
0
0
0
0
0
0
0
0
0
0
0
0
0
0
0
0
0
0
0
0
0
0
0
0
0
0
0
0
0
0
0
0
0
0
0
0
0
0
0
0
0
0
0
0
0
0
0
0
0
0
0
0
0
0
0
0
0
0
0
0
0
0
0
0
0
0
0
0
0
0
0
0
0
0
0
0
0
0
0
0
0
0
0
0
0
0
0
0
0
0
0
0
0
0
0
0
0
0
0
0
0
0
0
0
0
0
0
0
0
0
0
0
0
0
0
0
0
0
0
0
0
0
0
0
0
0
0
0
0
0
0
0
0
0
0
0
0
0
0
0
0
0
0
0
0
0
0
0
0
0
0
0
0
0
0
0
0
0
0
0
0
0
0
0
0
0
0
0
0
0
0
0
0
0
0
0
0
0
0
0
0
0
0
0
0
0
0
0
0
0
0
0
0
0
0
0
0
0
0
0
0
0
0
0
0
0
0
0
0
0
0
0
0
0
0
0
0
0
0
0
0
0
0
0
0
0
0
0
0
0
0
0
0
0
0
0
0
0
0
0
0
0
0
0
0
0
0
0
0
0
0
0
0
0
0
0
0
0
0
0
0
0
0
0
0
0
0
0
0
0
0
0
0
0
0
0
0
0
0
0
0
0
0
0
0
0
0
0
0
0
0
0
0
0
0
0
0
0
0
0
0
0
0
0
0
0
0
0
0
0
0
0
0
0
0
0
0
0
0
0
0
0
0
0
0
0
0
0
0
0
0
0
0
0
0
0
0
0
0
0
0
0
0
0
0
0
0
0
0
0
0
0
0
0
0
0
0
0
0
0
0
0
0
0
0
0
0
0
0
0
0
0
0
0
0
0
0
0
0
0
0
0
0
0
0
0
0
0
0
0
0
0
0
0
0
0
0
0
0
0
0
0
0
0
0
0
0
0
0
0
0
0
0
0
0
0
0
0
0
0
0
0
0
0
0
0
0
0
0
0
1024
524288
525312
268435456
268436480
268959744
268960768
137438953472
137438954496
137439477760
137439478784
137707388928
137707389952
137707913216
137707914240
70368744177664
70368744178688
70368744701952
70368744702976
70369012613120
70369012614144
70369013137408
70369013138432
70506183131136
70506183132160
70506183655424
70506183656448
70506451566592
70506451567616
70506452090880
70506452091904
0
0
0
0
0
0
0
0
0
0
0
0
0
0
0
0
0
0
0
0
0
0
0
0
0
0
0
0
0
0
0
0
0
0
0
0
0
0
0
0
0
0
0
0
0
0
0
0
0
0
0
0
0
0
0
0
0
0
0
0
0
0
0
0
0
0
0
0
0
0
0
0
0
0
0
0
0
0
0
0
0
0
0
0
0
0
0
0
0
0
0
0
0
0
0
0
0
0
0
0
0
0
0
0
0
0
0
0
0
0
0
0
0
0
0
0
0
0
0
0
0
0
0
0
0
0
0
0
0
0
0
0
0
0
0
0
0
0
0
0
0
0
0
0
0
0
0
0
0
0
0
0
0
0
0
0
0
0
0
0
0
0
0
0
0
0
0
0
0
0
0
0
0
0
0
0
0
0
0
0
0
0
0
0
0
0
0
0
0
0
0
0
0
0
0
0
0
0
0
0
0
0
0
0
0
0
0
0
0
0
0
0
0
0
0
0
0
0
0
0
0
0
0
0
0
0
0
0
0
0
0
0
0
0
0
0
0
0
0
0
0
0
0
0
0
0
0
0
0
0
0
0
0
0
0
0
0
0
0
0
0
0
0
0
0
0
0
0
0
0
0
0
0
0
0
0
0
0
0
0
0
0
0
0
0
0
0
0
0
0
0
0
0
0
0
0
0
0
0
0
0
0
0
0
0
0
0
0
0
0
0
0
0
0
0
0
0
0
0
0
0
0
0
0
0
0
0
0
0
0
0
0
0
0
0
0
0
0
0
0
0
0
0
0
0
0
0
0
0
0
0
0
0
0
0
0
0
0
0
0
0
0
0
0
0
0
0
0
0
0
0
0
0
0
0
0
0
0
0
0
0
0
0
0
0
0
0
0
0
0
0
0
0
0
0
0
0
0
0
0
0
0
0
0
0
0
0
0
0
0
0
0
0
0
0
0
0
0
0
0
0
0
0
0
0
0
0
0
0
0
0
0
0
0
0
0
0
0
0
0
0
0
0
0
0
0
0
0
0
0
0
0
0
0
0
0
0
0
0
0
0
0
0
0
0
0
0
0
0
0
0
0
0
0
0
0
0
0
0
0
0
16384
2097152
2113536
268435456
268451840
270532608
270548992
34359738368
34359754752
34361835520
34361851904
34628173824
34628190208
34630270976
34630287360
4398046511104
4398046527488
4398048608256
4398048624640
4398314946560
4398314962944
4398317043712
4398317060096
4432406249472
4432406265856
4432408346624
4432408363008
4432674684928
4432674701312
4432676782080
4432676798464
562949953421312
562949953437696
562949955518464
562949955534848
562950221856768
562950221873152
562950223953920
562950223970304
562984313159680
562984313176064
562984315256832
562984315273216
562984581595136
562984581611520
562984583692288
562984583708672
567347999932416
567347999948800
567348002029568
567348002045952
567348268367872
567348268384256
567348270465024
567348270481408
567382359670784
567382359687168
567382361767936
567382361784320
567382628106240
567382628122624
567382630203392
567382630219776
0
0
0
0
0
0
0
0
0
0
0
0
0
0
0
0
0
0
0
0
0
0
0
0
0
0
0
0
0
0
0
0
0
0
0
0
0
0
0
0
0
0
0
0
0
0
0
0
0
0
0
0
0
0
0
0
0
0
0
0
0
0
0
0
0
0
0
0
0
0
0
0
0
0
0
0
0
0
0
0
0
0
0
0
0
0
0
0
0
0
0
0
0
0
0
0
0
0
0
0
0
0
0
0
0
0
0
0
0
0
0
0
0
0
0
0
0
0
0
0
0
0
0
0
0
0
0
0
0
0
0
0
0
0
0
0
0
0
0
0
0
0
0
0
0
0
0
0
0
0
0
0
0
0
0
0
0
0
0
0
0
0
0
0
0
0
0
0
0
0
0
0
0
0
0
0
0
0
0
0
0
0
0
0
0
0
0
0
0
0
0
0
0
0
0
0
0
0
0
0
0
0
0
0
0
0
0
0
0
0
0
0
0
0
0
0
0
0
0
0
0
0
0
0
0
0
0
0
0
0
0
0
0
0
0
0
0
0
0
0
0
0
0
0
0
0
0
0
0
0
0
0
0
0
0
0
0
0
0
0
0
0
0
0
0
0
0
0
0
0
0
0
0
0
0
0
0
0
0
0
0
0
0
0
0
0
0
0
0
0
0
0
0
0
0
0
0
0
0
0
0
0
0
0
0
0
0
0
0
0
0
0
0
0
0
0
0
0
0
0
0
0
0
0
0
0
0
0
0
0
0
0
0
0
0
0
0
0
0
0
0
0
0
0
0
0
0
0
0
0
0
0
0
0
0
0
0
0
0
0
0
0
0
0
0
0
0
0
0
0
0
0
0
0
0
0
0
0
0
0
0
0
0
0
0
0
0
0
0
0
0
0
0
0
0
0
0
0
0
0
0
0
0
0
0
0
0
0
0
0
0
0
0
0
0
0
0
0
0
0
0
0
0
0
0
0
0
0
0
0
0
0
0
0
0
0
0
0
0
0
0
0
0
0
0
0
0
0
0
4194304
536870912
541065216
68719476736
68723671040
69256347648
69260541952
8796093022208
8796097216512
8796629893120
8796634087424
8864812498944
8864816693248
8865349369856
8865353564160
1125899906842624
1125899911036928
1125900443713536
1125900447907840
1125968626319360
1125968630513664
1125969163190272
1125969167384576
1134695999864832
1134696004059136
1134696536735744
1134696540930048
1134764719341568
1134764723535872
1134765256212480
1134765260406784
0
0
0
0
0
0
0
0
0
0
0
0
0
0
0
0
0
0
0
0
0
0
0
0
0
0
0
0
0
0
0
0
0
0
0
0
0
0
0
0
0
0
0
0
0
0
0
0
0
0
0
0
0
0
0
0
0
0
0
0
0
0
0
0
0
0
0
0
0
0
0
0
0
0
0
0
0
0
0
0
0
0
0
0
0
0
0
0
0
0
0
0
0
0
0
0
0
0
0
0
0
0
0
0
0
0
0
0
0
0
0
0
0
0
0
0
0
0
0
0
0
0
0
0
0
0
0
0
0
0
0
0
0
0
0
0
0
0
0
0
0
0
0
0
0
0
0
0
0
0
0
0
0
0
0
0
0
0
0
0
0
0
0
0
0
0
0
0
0
0
0
0
0
0
0
0
0
0
0
0
0
0
0
0
0
0
0
0
0
0
0
0
0
0
0
0
0
0
0
0
0
0
0
0
0
0
0
0
0
0
0
0
0
0
0
0
0
0
0
0
0
0
0
0
0
0
0
0
0
0
0
0
0
0
0
0
0
0
0
0
0
0
0
0
0
0
0
0
0
0
0
0
0
0
0
0
0
0
0
0
0
0
0
0
0
0
0
0
0
0
0
0
0
0
0
0
0
0
0
0
0
0
0
0
0
0
0
0
0
0
0
0
0
0
0
0
0
0
0
0
0
0
0
0
0
0
0
0
0
0
0
0
0
0
0
0
0
0
0
0
0
0
0
0
0
0
0
0
0
0
0
0
0
0
0
0
0
0
0
0
0
0
0
0
0
0
0
0
0
0
0
0
0
0
0
0
0
0
0
0
0
0
0
0
0
0
0
0
0
0
0
0
0
0
0
0
0
0
0
0
0
0
0
0
0
0
0
0
0
0
0
0
0
0
0
0
0
0
0
0
0
0
0
0
0
0
0
0
0
0
0
0
0
0
0
0
0
0
0
0
0
0
0
0
0
0
0
0
0
0
0
0
0
0
0
0
0
0
0
0
0
0
0
0
0
0
0
0
0
0
0
0
0
0
0
0
0
0
0
0
0
0
0
0
0
0
0
0
0
0
0
0
0
0
0
0
0
0
0
0
0
1073741824
137438953472
138512695296
17592186044416
17593259786240
17729624997888
17730698739712
562949953421312
562951027163136
563087392374784
563088466116608
580542139465728
580543213207552
580679578419200
580680652161024
2251799813685248
2251800887427072
2251937252638720
2251938326380544
2269391999729664
2269393073471488
2269529438683136
2269530512424960
2814749767106560
2814750840848384
2814887206060032
2814888279801856
2832341953150976
2832343026892800
2832479392104448
2832480465846272
0
0
0
0
0
0
0
0
0
0
0
0
0
0
0
0
0
0
0
0
0
0
0
0
0
0
0
0
0
0
0
0
0
0
0
0
0
0
0
0
0
0
0
0
0
0
0
0
0
0
0
0
0
0
0
0
0
0
0
0
0
0
0
0
0
0
0
0
0
0
0
0
0
0
0
0
0
0
0
0
0
0
0
0
0
0
0
0
0
0
0
0
0
0
0
0
0
0
0
0
0
0
0
0
0
0
0
0
0
0
0
0
0
0
0
0
0
0
0
0
0
0
0
0
0
0
0
0
0
0
0
0
0
0
0
0
0
0
0
0
0
0
0
0
0
0
0
0
0
0
0
0
0
0
0
0
0
0
0
0
0
0
0
0
0
0
0
0
0
0
0
0
0
0
0
0
0
0
0
0
0
0
0
0
0
0
0
0
0
0
0
0
0
0
0
0
0
0
0
0
0
0
0
0
0
0
0
0
0
0
0
0
0
0
0
0
0
0
0
0
0
0
0
0
0
0
0
0
0
0
0
0
0
0
0
0
0
0
0
0
0
0
0
0
0
0
0
0
0
0
0
0
0
0
0
0
0
0
0
0
0
0
0
0
0
0
0
0
0
0
0
0
0
0
0
0
0
0
0
0
0
0
0
0
0
0
0
0
0
0
0
0
0
0
0
0
0
0
0
0
0
0
0
0
0
0
0
0
0
0
0
0
0
0
0
0
0
0
0
0
0
0
0
0
0
0
0
0
0
0
0
0
0
0
0
0
0
0
0
0
0
0
0
0
0
0
0
0
0
0
0
0
0
0
0
0
0
0
0
0
0
0
0
0
0
0
0
0
0
0
0
0
0
0
0
0
0
0
0
0
0
0
0
0
0
0
0
0
0
0
0
0
0
0
0
0
0
0
0
0
0
0
0
0
0
0
0
0
0
0
0
0
0
0
0
0
0
0
0
0
0
0
0
0
0
0
0
0
0
0
0
0
0
0
0
0
0
0
0
0
0
0
0
0
0
0
0
0
0
0
0
0
0
0
0
0
0
0
0
0
0
0
0
0
0
0
0
0
0
0
0
0
0
0
0
0
0
0
0
0
0
274877906944
2199023255552
2473901162496
35184372088832
35459249995776
37383395344384
37658273251328
1125899906842624
1126174784749568
1128098930098176
1128373808005120
1161084278931456
1161359156838400
1163283302187008
1163558180093952
4503599627370496
4503874505277440
4505798650626048
4506073528532992
4538783999459328
4539058877366272
4540983022714880
4541257900621824
5629499534213120
5629774412120064
5631698557468672
5631973435375616
5664683906301952
5664958784208896
5666882929557504
5667157807464448
0
0
0
0
0
0
0
0
0
0
0
0
0
0
0
0
0
0
0
0
0
0
0
0
0
0
0
0
0
0
0
0
0
0
0
0
0
0
0
0
0
0
0
0
0
0
0
0
0
0
0
0
0
0
0
0
0
0
0
0
0
0
0
0
0
0
0
0
0
0
0
0
0
0
0
0
0
0
0
0
0
0
0
0
0
0
0
0
0
0
0
0
0
0
0
0
0
0
0
0
0
0
0
0
0
0
0
0
0
0
0
0
0
0
0
0
0
0
0
0
0
0
0
0
0
0
0
0
0
0
0
0
0
0
0
0
0
0
0
0
0
0
0
0
0
0
0
0
0
0
0
0
0
0
0
0
0
0
0
0
0
0
0
0
0
0
0
0
0
0
0
0
0
0
0
0
0
0
0
0
0
0
0
0
0
0
0
0
0
0
0
0
0
0
0
0
0
0
0
0
0
0
0
0
0
0
0
0
0
0
0
0
0
0
0
0
0
0
0
0
0
0
0
0
0
0
0
0
0
0
0
0
0
0
0
0
0
0
0
0
0
0
0
0
0
0
0
0
0
0
0
0
0
0
0
0
0
0
0
0
0
0
0
0
0
0
0
0
0
0
0
0
0
0
0
0
0
0
0
0
0
0
0
0
0
0
0
0
0
0
0
0
0
0
0
0
0
0
0
0
0
0
0
0
0
0
0
0
0
0
0
0
0
0
0
0
0
0
0
0
0
0
0
0
0
0
0
0
0
0
0
0
0
0
0
0
0
0
0
0
0
0
0
0
0
0
0
0
0
0
0
0
0
0
0
0
0
0
0
0
0
0
0
0
0
0
0
0
0
0
0
0
0
0
0
0
0
0
0
0
0
0
0
0
0
0
0
0
0
0
0
0
0
0
0
0
0
0
0
0
0
0
0
0
0
0
0
0
0
0
0
0
0
0
0
0
0
0
0
0
0
0
0
0
0
0
0
0
0
0
0
0
0
0
0
0
0
0
0
0
0
0
0
0
0
0
0
0
0
0
0
0
0
0
0
0
0
0
0
0
0
0
0
0
0
0
0
0
0
0
0
0
0
0
0
0
0
0
0
0
0
8589934592
4398046511104
4406636445696
70368744177664
70377334112256
74766790688768
74775380623360
2251799813685248
2251808403619840
2256197860196352
2256206450130944
2322168557862912
2322177147797504
2326566604374016
2326575194308608
9007199254740992
9007207844675584
9011597301252096
9011605891186688
9077567998918656
9077576588853248
9081966045429760
9081974635364352
11258999068426240
11259007658360832
11263397114937344
11263405704871936
11329367812603904
11329376402538496
11333765859115008
11333774449049600
0
0
0
0
0
0
0
0
0
0
0
0
0
0
0
0
0
0
0
0
0
0
0
0
0
0
0
0
0
0
0
0
0
0
0
0
0
0
0
0
0
0
0
0
0
0
0
0
0
0
0
0
0
0
0
0
0
0
0
0
0
0
0
0
0
0
0
0
0
0
0
0
0
0
0
0
0
0
0
0
0
0
0
0
0
0
0
0
0
0
0
0
0
0
0
0
0
0
0
0
0
0
0
0
0
0
0
0
0
0
0
0
0
0
0
0
0
0
0
0
0
0
0
0
0
0
0
0
0
0
0
0
0
0
0
0
0
0
0
0
0
0
0
0
0
0
0
0
0
0
0
0
0
0
0
0
0
0
0
0
0
0
0
0
0
0
0
0
0
0
0
0
0
0
0
0
0
0
0
0
0
0
0
0
0
0
0
0
0
0
0
0
0
0
0
0
0
0
0
0
0
0
0
0
0
0
0
0
0
0
0
0
0
0
0
0
0
0
0
0
0
0
0
0
0
0
0
0
0
0
0
0
0
0
0
0
0
0
0
0
0
0
0
0
0
0
0
0
0
0
0
0
0
0
0
0
0
0
0
0
0
0
0
0
0
0
0
0
0
0
0
0
0
0
0
0
0
0
0
0
0
0
0
0
0
0
0
0
0
0
0
0
0
0
0
0
0
0
0
0
0
0
0
0
0
0
0
0
0
0
0
0
0
0
0
0
0
0
0
0
0
0
0
0
0
0
0
0
0
0
0
0
0
0
0
0
0
0
0
0
0
0
0
0
0
0
0
0
0
0
0
0
0
0
0
0
0
0
0
0
0
0
0
0
0
0
0
0
0
0
0
0
0
0
0
0
0
0
0
0
0
0
0
0
0
0
0
0
0
0
0
0
0
0
0
0
0
0
0
0
0
0
0
0
0
0
0
0
0
0
0
0
0
0
0
0
0
0
0
0
0
0
0
0
0
0
0
0
0
0
0
0
0
0
0
0
0
0
0
0
0
0
0
0
0
0
0
0
0
0
0
0
0
0
0
0
0
0
0
0
0
0
0
0
0
0
0
0
0
0
0
0
0
0
0
0
0
0
0
0
0
33554432
17179869184
17213423616
8796093022208
8796126576640
8813272891392
8813306445824
4503599627370496
4503599660924928
4503616807239680
4503616840794112
4512395720392704
4512395753947136
4512412900261888
4512412933816320
18014398509481984
18014398543036416
18014415689351168
18014415722905600
18023194602504192
18023194636058624
18023211782373376
18023211815927808
22517998136852480
22517998170406912
22518015316721664
22518015350276096
22526794229874688
22526794263429120
22526811409743872
22526811443298304
0
0
0
0
0
0
0
0
0
0
0
0
0
0
0
0
0
0
0
0
0
0
0
0
0
0
0
0
0
0
0
0
0
0
0
0
0
0
0
0
0
0
0
0
0
0
0
0
0
0
0
0
0
0
0
0
0
0
0
0
0
0
0
0
0
0
0
0
0
0
0
0
0
0
0
0
0
0
0
0
0
0
0
0
0
0
0
0
0
0
0
0
0
0
0
0
0
0
0
0
0
0
0
0
0
0
0
0
0
0
0
0
0
0
0
0
0
0
0
0
0
0
0
0
0
0
0
0
0
0
0
0
0
0
0
0
0
0
0
0
0
0
0
0
0
0
0
0
0
0
0
0
0
0
0
0
0
0
0
0
0
0
0
0
0
0
0
0
0
0
0
0
0
0
0
0
0
0
0
0
0
0
0
0
0
0
0
0
0
0
0
0
0
0
0
0
0
0
0
0
0
0
0
0
0
0
0
0
0
0
0
0
0
0
0
0
0
0
0
0
0
0
0
0
0
0
0
0
0
0
0
0
0
0
0
0
0
0
0
0
0
0
0
0
0
0
0
0
0
0
0
0
0
0
0
0
0
0
0
0
0
0
0
0
0
0
0
0
0
0
0
0
0
0
0
0
0
0
0
0
0
0
0
0
0
0
0
0
0
0
0
0
0
0
0
0
0
0
0
0
0
0
0
0
0
0
0
0
0
0
0
0
0
0
0
0
0
0
0
0
0
0
0
0
0
0
0
0
0
0
0
0
0
0
0
0
0
0
0
0
0
0
0
0
0
0
0
0
0
0
0
0
0
0
0
0
0
0
0
0
0
0
0
0
0
0
0
0
0
0
0
0
0
0
0
0
0
0
0
0
0
0
0
0
0
0
0
0
0
0
0
0
0
0
0
0
0
0
0
0
0
0
0
0
0
0
0
0
0
0
0
0
0
0
0
0
0
0
0
0
0
0
0
0
0
0
0
0
0
0
0
0
0
0
0
0
0
0
0
0
0
0
0
0
0
0
0
0
0
0
0
0
0
0
0
0
0
0
0
0
0
0
0
0
0
0
0
0
0
0
0
0
0
0
0
0
0
0
0
0
0
131072
67108864
67239936
34359738368
34359869440
34426847232
34426978304
17592186044416
17592186175488
17592253153280
17592253284352
17626545782784
17626545913856
17626612891648
17626613022720
9007199254740992
9007199254872064
9007199321849856
9007199321980928
9007233614479360
9007233614610432
9007233681588224
9007233681719296
9024791440785408
9024791440916480
9024791507894272
9024791508025344
9024825800523776
9024825800654848
9024825867632640
9024825867763712
0
0
0
0
0
0
0
0
0
0
0
0
0
0
0
0
0
0
0
0
0
0
0
0
0
0
0
0
0
0
0
0
0
0
0
0
0
0
0
0
0
0
0
0
0
0
0
0
0
0
0
0
0
0
0
0
0
0
0
0
0
0
0
0
0
0
0
0
0
0
0
0
0
0
0
0
0
0
0
0
0
0
0
0
0
0
0
0
0
0
0
0
0
0
0
0
0
0
0
0
0
0
0
0
0
0
0
0
0
0
0
0
0
0
0
0
0
0
0
0
0
0
0
0
0
0
0
0
0
0
0
0
0
0
0
0
0
0
0
0
0
0
0
0
0
0
0
0
0
0
0
0
0
0
0
0
0
0
0
0
0
0
0
0
0
0
0
0
0
0
0
0
0
0
0
0
0
0
0
0
0
0
0
0
0
0
0
0
0
0
0
0
0
0
0
0
0
0
0
0
0
0
0
0
0
0
0
0
0
0
0
0
0
0
0
0
0
0
0
0
0
0
0
0
0
0
0
0
0
0
0
0
0
0
0
0
0
0
0
0
0
0
0
0
0
0
0
0
0
0
0
0
0
0
0
0
0
0
0
0
0
0
0
0
0
0
0
0
0
0
0
0
0
0
0
0
0
0
0
0
0
0
0
0
0
0
0
0
0
0
0
0
0
0
0
0
0
0
0
0
0
0
0
0
0
0
0
0
0
0
0
0
0
0
0
0
0
0
0
0
0
0
0
0
0
0
0
0
0
0
0
0
0
0
0
0
0
0
0
0
0
0
0
0
0
0
0
0
0
0
0
0
0
0
0
0
0
0
0
0
0
0
0
0
0
0
0
0
0
0
0
0
0
0
0
0
0
0
0
0
0
0
0
0
0
0
0
0
0
0
0
0
0
0
0
0
0
0
0
0
0
0
0
0
0
0
0
0
0
0
0
0
0
0
0
0
0
0
0
0
0
0
0
0
0
0
0
0
0
0
0
0
0
0
0
0
0
0
0
0
0
0
0
0
0
0
0
0
0
0
0
0
0
0
0
0
0
0
0
0
0
0
0
0
0
0
0
0
0
0
0
0
0
0
0
0
0
0
0
0
0
512
262144
262656
134217728
134218240
134479872
134480384
68719476736
68719477248
68719738880
68719739392
68853694464
68853694976
68853956608
68853957120
35184372088832
35184372089344
35184372350976
35184372351488
35184506306560
35184506307072
35184506568704
35184506569216
35253091565568
35253091566080
35253091827712
35253091828224
35253225783296
35253225783808
35253226045440
35253226045952
18014398509481984
18014398509482496
18014398509744128
18014398509744640
18014398643699712
18014398643700224
18014398643961856
18014398643962368
18014467228958720
18014467228959232
18014467229220864
18014467229221376
18014467363176448
18014467363176960
18014467363438592
18014467363439104
18049582881570816
18049582881571328
18049582881832960
18049582881833472
18049583015788544
18049583015789056
18049583016050688
18049583016051200
18049651601047552
18049651601048064
18049651601309696
18049651601310208
18049651735265280
18049651735265792
18049651735527424
18049651735527936
0
0
0
0
0
0
0
0
0
0
0
0
0
0
0
0
0
0
0
0
0
0
0
0
0
0
0
0
0
0
0
0
0
0
0
0
0
0
0
0
0
0
0
0
0
0
0
0
0
0
0
0
0
0
0
0
0
0
0
0
0
0
0
0
0
0
0
0
0
0
0
0
0
0
0
0
0
0
0
0
0
0
0
0
0
0
0
0
0
0
0
0
0
0
0
0
0
0
0
0
0
0
0
0
0
0
0
0
0
0
0
0
0
0
0
0
0
0
0
0
0
0
0
0
0
0
0
0
0
0
0
0
0
0
0
0
0
0
0
0
0
0
0
0
0
0
0
0
0
0
0
0
0
0
0
0
0
0
0
0
0
0
0
0
0
0
0
0
0
0
0
0
0
0
0
0
0
0
0
0
0
0
0
0
0
0
0
0
0
0
0
0
0
0
0
0
0
0
0
0
0
0
0
0
0
0
0
0
0
0
0
0
0
0
0
0
0
0
0
0
0
0
0
0
0
0
0
0
0
0
0
0
0
0
0
0
0
0
0
0
0
0
0
0
0
0
0
0
0
0
0
0
0
0
0
0
0
0
0
0
0
0
0
0
0
0
0
0
0
0
0
0
0
0
0
0
0
0
0
0
0
0
0
0
0
0
0
0
0
0
0
0
0
0
0
0
0
0
0
0
0
0
0
0
0
0
0
0
0
0
0
0
0
0
0
0
0
0
0
0
0
0
0
0
0
0
0
0
0
0
0
0
0
0
0
0
0
0
0
0
0
0
0
0
0
0
0
0
0
0
0
0
0
0
0
0
0
0
0
0
0
0
0
0
0
0
0
0
0
0
0
0
0
0
0
0
0
0
0
0
0
0
0
0
0
0
0
0
0
0
0
0
0
0
0
0
0
0
0
0
0
0
0
0
0
0
0
0
0
0
0
0
0
0
0
0
0
0
0
0
0
0
0
0
0
0
0
0
0
0
0
0
0
0
0
0
0
0
0
0
0
0
0
0
0
0
0
0
